"k","PC","test","pair","R2","F_value","p_value","sig"
2,"PC1","PERMANOVA (overall)","C1/C2",0.3434,47.59,0.001,"***"
2,"PC1","PERMDISP (overall)","C1/C2",NA,0,0.9938,"ns"
2,"PC1","Pairwise PERMANOVA","C1 vs C2",0.3434,47.59,0.001,"***"
2,"PC1","Pairwise PERMDISP","C1 vs C2",NA,NA,0.9938,"ns"
2,"PC2","PERMANOVA (overall)","C1/C2",0.0715,7.01,0.011,"*"
2,"PC2","PERMDISP (overall)","C1/C2",NA,1.96,0.1652,"ns"
2,"PC2","Pairwise PERMANOVA","C1 vs C2",0.0715,7.01,0.011,"*"
2,"PC2","Pairwise PERMDISP","C1 vs C2",NA,NA,0.1652,"ns"
2,"PC3","PERMANOVA (overall)","C1/C2",0.0626,6.08,0.017,"*"
2,"PC3","PERMDISP (overall)","C1/C2",NA,1.9,0.171,"ns"
2,"PC3","Pairwise PERMANOVA","C1 vs C2",0.0626,6.08,0.015,"*"
2,"PC3","Pairwise PERMDISP","C1 vs C2",NA,NA,0.171,"ns"
2,"PC4","PERMANOVA (overall)","C1/C2",0.0313,2.94,0.097,"ns"
2,"PC4","PERMDISP (overall)","C1/C2",NA,4.58,0.035,"*"
2,"PC4","Pairwise PERMANOVA","C1 vs C2",0.0313,2.94,0.091,"ns"
2,"PC4","Pairwise PERMDISP","C1 vs C2",NA,NA,0.035,"*"
2,"PC5","PERMANOVA (overall)","C1/C2",0.0148,1.36,0.26,"ns"
2,"PC5","PERMDISP (overall)","C1/C2",NA,0.02,0.8888,"ns"
2,"PC5","Pairwise PERMANOVA","C1 vs C2",0.0148,1.36,0.239,"ns"
2,"PC5","Pairwise PERMDISP","C1 vs C2",NA,NA,0.8888,"ns"
2,"PC6","PERMANOVA (overall)","C1/C2",0.0504,4.83,0.025,"*"
2,"PC6","PERMDISP (overall)","C1/C2",NA,0.93,0.3363,"ns"
2,"PC6","Pairwise PERMANOVA","C1 vs C2",0.0504,4.83,0.034,"*"
2,"PC6","Pairwise PERMDISP","C1 vs C2",NA,NA,0.3363,"ns"
2,"PC7","PERMANOVA (overall)","C1/C2",0.0557,5.37,0.024,"*"
2,"PC7","PERMDISP (overall)","C1/C2",NA,10.13,0.002,"**"
2,"PC7","Pairwise PERMANOVA","C1 vs C2",0.0557,5.37,0.016,"*"
2,"PC7","Pairwise PERMDISP","C1 vs C2",NA,NA,0.002,"**"
2,"PC8","PERMANOVA (overall)","C1/C2",0.0032,0.29,0.586,"ns"
2,"PC8","PERMDISP (overall)","C1/C2",NA,0.03,0.8536,"ns"
2,"PC8","Pairwise PERMANOVA","C1 vs C2",0.0032,0.29,0.578,"ns"
2,"PC8","Pairwise PERMDISP","C1 vs C2",NA,NA,0.8536,"ns"
2,"PC9","PERMANOVA (overall)","C1/C2",0.0017,0.15,0.704,"ns"
2,"PC9","PERMDISP (overall)","C1/C2",NA,7.02,0.0095,"**"
2,"PC9","Pairwise PERMANOVA","C1 vs C2",0.0017,0.15,0.713,"ns"
2,"PC9","Pairwise PERMDISP","C1 vs C2",NA,NA,0.0095,"**"
4,"PC1","PERMANOVA (overall)","C1/C2/C3/C4",0.3778,18.02,0.001,"***"
4,"PC1","PERMDISP (overall)","C1/C2/C3/C4",NA,0.64,0.5934,"ns"
4,"PC1","Pairwise PERMANOVA","C1 vs C2",0.007,0.29,0.587,"ns"
4,"PC1","Pairwise PERMANOVA","C1 vs C3",0.5745,32.4,0.0015,"**"
4,"PC1","Pairwise PERMANOVA","C1 vs C4",0.3178,23.29,0.0015,"**"
4,"PC1","Pairwise PERMANOVA","C2 vs C3",0.4139,27.54,0.0015,"**"
4,"PC1","Pairwise PERMANOVA","C2 vs C4",0.2683,23.83,0.0015,"**"
4,"PC1","Pairwise PERMANOVA","C3 vs C4",0.1004,5.36,0.0324,"*"
4,"PC1","Pairwise PERMDISP","C1 vs C2",NA,NA,0.913,"ns"
4,"PC1","Pairwise PERMDISP","C1 vs C3",NA,NA,0.9358,"ns"
4,"PC1","Pairwise PERMDISP","C1 vs C4",NA,NA,0.9658,"ns"
4,"PC1","Pairwise PERMDISP","C2 vs C3",NA,NA,0.5684,"ns"
4,"PC1","Pairwise PERMDISP","C2 vs C4",NA,NA,0.9929,"ns"
4,"PC1","Pairwise PERMDISP","C3 vs C4",NA,NA,0.6661,"ns"
4,"PC2","PERMANOVA (overall)","C1/C2/C3/C4",0.2648,10.68,0.001,"***"
4,"PC2","PERMDISP (overall)","C1/C2/C3/C4",NA,0.33,0.8063,"ns"
4,"PC2","Pairwise PERMANOVA","C1 vs C2",0.0203,0.85,0.36,"ns"
4,"PC2","Pairwise PERMANOVA","C1 vs C3",0.1022,2.73,0.1485,"ns"
4,"PC2","Pairwise PERMANOVA","C1 vs C4",0.1173,6.64,0.038,"*"
4,"PC2","Pairwise PERMANOVA","C2 vs C3",0.0463,1.89,0.2184,"ns"
4,"PC2","Pairwise PERMANOVA","C2 vs C4",0.2645,23.38,0.003,"**"
4,"PC2","Pairwise PERMANOVA","C3 vs C4",0.3187,22.45,0.003,"**"
4,"PC2","Pairwise PERMDISP","C1 vs C2",NA,NA,0.8778,"ns"
4,"PC2","Pairwise PERMDISP","C1 vs C3",NA,NA,0.9997,"ns"
4,"PC2","Pairwise PERMDISP","C1 vs C4",NA,NA,0.9559,"ns"
4,"PC2","Pairwise PERMDISP","C2 vs C3",NA,NA,0.8446,"ns"
4,"PC2","Pairwise PERMDISP","C2 vs C4",NA,NA,0.9869,"ns"
4,"PC2","Pairwise PERMDISP","C3 vs C4",NA,NA,0.9317,"ns"
4,"PC3","PERMANOVA (overall)","C1/C2/C3/C4",0.1177,3.96,0.014,"*"
4,"PC3","PERMDISP (overall)","C1/C2/C3/C4",NA,5.28,0.0021,"**"
4,"PC3","Pairwise PERMANOVA","C1 vs C2",0.0212,0.89,0.5055,"ns"
4,"PC3","Pairwise PERMANOVA","C1 vs C3",0.0092,0.22,0.662,"ns"
4,"PC3","Pairwise PERMANOVA","C1 vs C4",0.1181,6.7,0.036,"*"
4,"PC3","Pairwise PERMANOVA","C2 vs C3",0.005,0.2,0.662,"ns"
4,"PC3","Pairwise PERMANOVA","C2 vs C4",0.0939,6.74,0.036,"*"
4,"PC3","Pairwise PERMANOVA","C3 vs C4",0.108,5.81,0.052,"ns"
4,"PC3","Pairwise PERMDISP","C1 vs C2",NA,NA,0.0113,"*"
4,"PC3","Pairwise PERMDISP","C1 vs C3",NA,NA,0.0021,"**"
4,"PC3","Pairwise PERMDISP","C1 vs C4",NA,NA,0.0109,"*"
4,"PC3","Pairwise PERMDISP","C2 vs C3",NA,NA,0.6014,"ns"
4,"PC3","Pairwise PERMDISP","C2 vs C4",NA,NA,0.9988,"ns"
4,"PC3","Pairwise PERMDISP","C3 vs C4",NA,NA,0.5029,"ns"
4,"PC4","PERMANOVA (overall)","C1/C2/C3/C4",0.0478,1.49,0.226,"ns"
4,"PC4","PERMDISP (overall)","C1/C2/C3/C4",NA,4.46,0.0058,"**"
4,"PC4","Pairwise PERMANOVA","C1 vs C2",0.0066,0.27,0.666,"ns"
4,"PC4","Pairwise PERMANOVA","C1 vs C3",0.1014,2.71,0.339,"ns"
4,"PC4","Pairwise PERMANOVA","C1 vs C4",0.0043,0.22,0.666,"ns"
4,"PC4","Pairwise PERMANOVA","C2 vs C3",0.0843,3.59,0.339,"ns"
4,"PC4","Pairwise PERMANOVA","C2 vs C4",0.0237,1.57,0.339,"ns"
4,"PC4","Pairwise PERMANOVA","C3 vs C4",0.0323,1.6,0.339,"ns"
4,"PC4","Pairwise PERMDISP","C1 vs C2",NA,NA,0.4479,"ns"
4,"PC4","Pairwise PERMDISP","C1 vs C3",NA,NA,0.2241,"ns"
4,"PC4","Pairwise PERMDISP","C1 vs C4",NA,NA,0.9999,"ns"
4,"PC4","Pairwise PERMDISP","C2 vs C3",NA,NA,0.0027,"**"
4,"PC4","Pairwise PERMDISP","C2 vs C4",NA,NA,0.2442,"ns"
4,"PC4","Pairwise PERMDISP","C3 vs C4",NA,NA,0.0937,"ns"
4,"PC5","PERMANOVA (overall)","C1/C2/C3/C4",0.0957,3.14,0.035,"*"
4,"PC5","PERMDISP (overall)","C1/C2/C3/C4",NA,2.16,0.0982,"ns"
4,"PC5","Pairwise PERMANOVA","C1 vs C2",0.1905,9.65,0.012,"*"
4,"PC5","Pairwise PERMANOVA","C1 vs C3",0.3975,15.83,0.012,"*"
4,"PC5","Pairwise PERMANOVA","C1 vs C4",0.1171,6.63,0.028,"*"
4,"PC5","Pairwise PERMANOVA","C2 vs C3",3e-04,0.01,0.935,"ns"
4,"PC5","Pairwise PERMANOVA","C2 vs C4",0.0011,0.07,0.935,"ns"
4,"PC5","Pairwise PERMANOVA","C3 vs C4",0.0018,0.09,0.935,"ns"
4,"PC5","Pairwise PERMDISP","C1 vs C2",NA,NA,0.3325,"ns"
4,"PC5","Pairwise PERMDISP","C1 vs C3",NA,NA,0.9988,"ns"
4,"PC5","Pairwise PERMDISP","C1 vs C4",NA,NA,0.1679,"ns"
4,"PC5","Pairwise PERMDISP","C2 vs C3",NA,NA,0.4815,"ns"
4,"PC5","Pairwise PERMDISP","C2 vs C4",NA,NA,0.9783,"ns"
4,"PC5","Pairwise PERMDISP","C3 vs C4",NA,NA,0.2878,"ns"
4,"PC6","PERMANOVA (overall)","C1/C2/C3/C4",0.1911,7.01,0.001,"***"
4,"PC6","PERMDISP (overall)","C1/C2/C3/C4",NA,1.99,0.1208,"ns"
4,"PC6","Pairwise PERMANOVA","C1 vs C2",0.2364,12.69,0.009,"**"
4,"PC6","Pairwise PERMANOVA","C1 vs C3",0.1777,5.19,0.06,"ns"
4,"PC6","Pairwise PERMANOVA","C1 vs C4",0.0069,0.35,0.545,"ns"
4,"PC6","Pairwise PERMANOVA","C2 vs C3",0.0511,2.1,0.1944,"ns"
4,"PC6","Pairwise PERMANOVA","C2 vs C4",0.1788,14.16,0.009,"**"
4,"PC6","Pairwise PERMANOVA","C3 vs C4",0.0474,2.39,0.192,"ns"
4,"PC6","Pairwise PERMDISP","C1 vs C2",NA,NA,0.7555,"ns"
4,"PC6","Pairwise PERMDISP","C1 vs C3",NA,NA,0.6423,"ns"
4,"PC6","Pairwise PERMDISP","C1 vs C4",NA,NA,0.8701,"ns"
4,"PC6","Pairwise PERMDISP","C2 vs C3",NA,NA,0.1084,"ns"
4,"PC6","Pairwise PERMDISP","C2 vs C4",NA,NA,0.9867,"ns"
4,"PC6","Pairwise PERMDISP","C3 vs C4",NA,NA,0.1543,"ns"
4,"PC7","PERMANOVA (overall)","C1/C2/C3/C4",0.1148,3.85,0.017,"*"
4,"PC7","PERMDISP (overall)","C1/C2/C3/C4",NA,4.55,0.0052,"**"
4,"PC7","Pairwise PERMANOVA","C1 vs C2",0.1748,8.68,0.012,"*"
4,"PC7","Pairwise PERMANOVA","C1 vs C3",0.4699,21.27,0.012,"*"
4,"PC7","Pairwise PERMANOVA","C1 vs C4",0.1022,5.69,0.04,"*"
4,"PC7","Pairwise PERMANOVA","C2 vs C3",0.106,4.63,0.045,"*"
4,"PC7","Pairwise PERMANOVA","C2 vs C4",0.0061,0.4,0.518,"ns"
4,"PC7","Pairwise PERMANOVA","C3 vs C4",0.0269,1.33,0.2988,"ns"
4,"PC7","Pairwise PERMDISP","C1 vs C2",NA,NA,0.4591,"ns"
4,"PC7","Pairwise PERMDISP","C1 vs C3",NA,NA,0.3419,"ns"
4,"PC7","Pairwise PERMDISP","C1 vs C4",NA,NA,0.0047,"**"
4,"PC7","Pairwise PERMDISP","C2 vs C3",NA,NA,0.9523,"ns"
4,"PC7","Pairwise PERMDISP","C2 vs C4",NA,NA,0.0791,"ns"
4,"PC7","Pairwise PERMDISP","C3 vs C4",NA,NA,0.5896,"ns"
4,"PC8","PERMANOVA (overall)","C1/C2/C3/C4",0.0528,1.65,0.181,"ns"
4,"PC8","PERMDISP (overall)","C1/C2/C3/C4",NA,1.04,0.379,"ns"
4,"PC8","Pairwise PERMANOVA","C1 vs C2",0.0465,2,0.288,"ns"
4,"PC8","Pairwise PERMANOVA","C1 vs C3",0.1512,4.27,0.264,"ns"
4,"PC8","Pairwise PERMANOVA","C1 vs C4",0.0304,1.57,0.288,"ns"
4,"PC8","Pairwise PERMANOVA","C2 vs C3",0.0191,0.76,0.4968,"ns"
4,"PC8","Pairwise PERMANOVA","C2 vs C4",0.007,0.46,0.526,"ns"
4,"PC8","Pairwise PERMANOVA","C3 vs C4",0.0525,2.66,0.288,"ns"
4,"PC8","Pairwise PERMDISP","C1 vs C2",NA,NA,0.3067,"ns"
4,"PC8","Pairwise PERMDISP","C1 vs C3",NA,NA,0.7087,"ns"
4,"PC8","Pairwise PERMDISP","C1 vs C4",NA,NA,0.6982,"ns"
4,"PC8","Pairwise PERMDISP","C2 vs C3",NA,NA,0.9734,"ns"
4,"PC8","Pairwise PERMDISP","C2 vs C4",NA,NA,0.7915,"ns"
4,"PC8","Pairwise PERMDISP","C3 vs C4",NA,NA,0.9948,"ns"
4,"PC9","PERMANOVA (overall)","C1/C2/C3/C4",0.2325,8.99,0.001,"***"
4,"PC9","PERMDISP (overall)","C1/C2/C3/C4",NA,1.79,0.1555,"ns"
4,"PC9","Pairwise PERMANOVA","C1 vs C2",0.0824,3.68,0.0876,"ns"
4,"PC9","Pairwise PERMANOVA","C1 vs C3",0.3501,12.93,0.006,"**"
4,"PC9","Pairwise PERMANOVA","C1 vs C4",0.0702,3.78,0.0876,"ns"
4,"PC9","Pairwise PERMANOVA","C2 vs C3",0.3905,24.99,0.003,"**"
4,"PC9","Pairwise PERMANOVA","C2 vs C4",0.0032,0.21,0.68,"ns"
4,"PC9","Pairwise PERMANOVA","C3 vs C4",0.2909,19.69,0.003,"**"
4,"PC9","Pairwise PERMDISP","C1 vs C2",NA,NA,0.8388,"ns"
4,"PC9","Pairwise PERMDISP","C1 vs C3",NA,NA,0.9967,"ns"
4,"PC9","Pairwise PERMDISP","C1 vs C4",NA,NA,0.212,"ns"
4,"PC9","Pairwise PERMDISP","C2 vs C3",NA,NA,0.9466,"ns"
4,"PC9","Pairwise PERMDISP","C2 vs C4",NA,NA,0.5133,"ns"
4,"PC9","Pairwise PERMDISP","C3 vs C4",NA,NA,0.3847,"ns"
5,"PC1","PERMANOVA (overall)","C1/C2/C3/C4/C5",0.386,13.83,0.001,"***"
5,"PC1","PERMDISP (overall)","C1/C2/C3/C4/C5",NA,0.47,0.76,"ns"
5,"PC1","Pairwise PERMANOVA","C1 vs C2",0.007,0.29,0.577,"ns"
5,"PC1","Pairwise PERMANOVA","C1 vs C3",0.5745,32.4,0.0017,"**"
5,"PC1","Pairwise PERMANOVA","C1 vs C4",0.4615,20.57,0.0017,"**"
5,"PC1","Pairwise PERMANOVA","C1 vs C5",0.3102,17.09,0.0017,"**"
5,"PC1","Pairwise PERMANOVA","C2 vs C3",0.4139,27.54,0.0017,"**"
5,"PC1","Pairwise PERMANOVA","C2 vs C4",0.2957,16.38,0.0017,"**"
5,"PC1","Pairwise PERMANOVA","C2 vs C5",0.2263,15.5,0.0017,"**"
5,"PC1","Pairwise PERMANOVA","C3 vs C4",0.063,1.48,0.2678,"ns"
5,"PC1","Pairwise PERMANOVA","C3 vs C5",0.1535,6.53,0.0257,"*"
5,"PC1","Pairwise PERMANOVA","C4 vs C5",0.0368,1.38,0.2678,"ns"
5,"PC1","Pairwise PERMDISP","C1 vs C2",NA,NA,0.965,"ns"
5,"PC1","Pairwise PERMDISP","C1 vs C3",NA,NA,0.9767,"ns"
5,"PC1","Pairwise PERMDISP","C1 vs C4",NA,NA,0.9992,"ns"
5,"PC1","Pairwise PERMDISP","C1 vs C5",NA,NA,0.9925,"ns"
5,"PC1","Pairwise PERMDISP","C2 vs C3",NA,NA,0.6953,"ns"
5,"PC1","Pairwise PERMDISP","C2 vs C4",NA,NA,0.9971,"ns"
5,"PC1","Pairwise PERMDISP","C2 vs C5",NA,NA,0.999,"ns"
5,"PC1","Pairwise PERMDISP","C3 vs C4",NA,NA,0.9288,"ns"
5,"PC1","Pairwise PERMDISP","C3 vs C5",NA,NA,0.8195,"ns"
5,"PC1","Pairwise PERMDISP","C4 vs C5",NA,NA,0.9999,"ns"
5,"PC2","PERMANOVA (overall)","C1/C2/C3/C4/C5",0.2653,7.94,0.001,"***"
5,"PC2","PERMDISP (overall)","C1/C2/C3/C4/C5",NA,0.27,0.8988,"ns"
5,"PC2","Pairwise PERMANOVA","C1 vs C2",0.0203,0.85,0.4078,"ns"
5,"PC2","Pairwise PERMANOVA","C1 vs C3",0.1022,2.73,0.1743,"ns"
5,"PC2","Pairwise PERMANOVA","C1 vs C4",0.1076,2.89,0.1743,"ns"
5,"PC2","Pairwise PERMANOVA","C1 vs C5",0.1416,6.27,0.046,"*"
5,"PC2","Pairwise PERMANOVA","C2 vs C3",0.0463,1.89,0.2038,"ns"
5,"PC2","Pairwise PERMANOVA","C2 vs C4",0.2054,10.08,0.0125,"*"
5,"PC2","Pairwise PERMANOVA","C2 vs C5",0.2839,21.01,0.005,"**"
5,"PC2","Pairwise PERMANOVA","C3 vs C4",0.3232,10.51,0.0067,"**"
5,"PC2","Pairwise PERMANOVA","C3 vs C5",0.3613,20.36,0.005,"**"
5,"PC2","Pairwise PERMANOVA","C4 vs C5",0.0022,0.08,0.774,"ns"
5,"PC2","Pairwise PERMDISP","C1 vs C2",NA,NA,0.9457,"ns"
5,"PC2","Pairwise PERMDISP","C1 vs C3",NA,NA,1,"ns"
5,"PC2","Pairwise PERMDISP","C1 vs C4",NA,NA,0.9995,"ns"
5,"PC2","Pairwise PERMDISP","C1 vs C5",NA,NA,0.9769,"ns"
5,"PC2","Pairwise PERMDISP","C2 vs C3",NA,NA,0.9249,"ns"
5,"PC2","Pairwise PERMDISP","C2 vs C4",NA,NA,0.9912,"ns"
5,"PC2","Pairwise PERMDISP","C2 vs C5",NA,NA,0.9998,"ns"
5,"PC2","Pairwise PERMDISP","C3 vs C4",NA,NA,0.9981,"ns"
5,"PC2","Pairwise PERMDISP","C3 vs C5",NA,NA,0.9631,"ns"
5,"PC2","Pairwise PERMDISP","C4 vs C5",NA,NA,0.998,"ns"
5,"PC3","PERMANOVA (overall)","C1/C2/C3/C4/C5",0.1177,2.94,0.029,"*"
5,"PC3","PERMDISP (overall)","C1/C2/C3/C4/C5",NA,3.91,0.0058,"**"
5,"PC3","Pairwise PERMANOVA","C1 vs C2",0.0212,0.89,0.4686,"ns"
5,"PC3","Pairwise PERMANOVA","C1 vs C3",0.0092,0.22,0.7233,"ns"
5,"PC3","Pairwise PERMANOVA","C1 vs C4",0.1179,3.21,0.13,"ns"
5,"PC3","Pairwise PERMANOVA","C1 vs C5",0.1224,5.3,0.112,"ns"
5,"PC3","Pairwise PERMANOVA","C2 vs C3",0.005,0.2,0.7233,"ns"
5,"PC3","Pairwise PERMANOVA","C2 vs C4",0.0896,3.84,0.112,"ns"
5,"PC3","Pairwise PERMANOVA","C2 vs C5",0.0948,5.55,0.11,"ns"
5,"PC3","Pairwise PERMANOVA","C3 vs C4",0.1763,4.71,0.112,"ns"
5,"PC3","Pairwise PERMANOVA","C3 vs C5",0.13,5.38,0.11,"ns"
5,"PC3","Pairwise PERMANOVA","C4 vs C5",2e-04,0.01,0.939,"ns"
5,"PC3","Pairwise PERMDISP","C1 vs C2",NA,NA,0.0195,"*"
5,"PC3","Pairwise PERMDISP","C1 vs C3",NA,NA,0.0038,"**"
5,"PC3","Pairwise PERMDISP","C1 vs C4",NA,NA,0.1414,"ns"
5,"PC3","Pairwise PERMDISP","C1 vs C5",NA,NA,0.0235,"*"
5,"PC3","Pairwise PERMDISP","C2 vs C3",NA,NA,0.7339,"ns"
5,"PC3","Pairwise PERMDISP","C2 vs C4",NA,NA,0.9986,"ns"
5,"PC3","Pairwise PERMDISP","C2 vs C5",NA,NA,1,"ns"
5,"PC3","Pairwise PERMDISP","C3 vs C4",NA,NA,0.7083,"ns"
5,"PC3","Pairwise PERMDISP","C3 vs C5",NA,NA,0.7415,"ns"
5,"PC3","Pairwise PERMDISP","C4 vs C5",NA,NA,0.9988,"ns"
5,"PC4","PERMANOVA (overall)","C1/C2/C3/C4/C5",0.0499,1.15,0.323,"ns"
5,"PC4","PERMDISP (overall)","C1/C2/C3/C4/C5",NA,3.11,0.0193,"*"
5,"PC4","Pairwise PERMANOVA","C1 vs C2",0.0066,0.27,0.7122,"ns"
5,"PC4","Pairwise PERMANOVA","C1 vs C3",0.1014,2.71,0.5,"ns"
5,"PC4","Pairwise PERMANOVA","C1 vs C4",3e-04,0.01,0.939,"ns"
5,"PC4","Pairwise PERMANOVA","C1 vs C5",0.0094,0.36,0.7122,"ns"
5,"PC4","Pairwise PERMANOVA","C2 vs C3",0.0843,3.59,0.5,"ns"
5,"PC4","Pairwise PERMANOVA","C2 vs C4",0.0083,0.32,0.7122,"ns"
5,"PC4","Pairwise PERMANOVA","C2 vs C5",0.0304,1.66,0.5,"ns"
5,"PC4","Pairwise PERMANOVA","C3 vs C4",0.0839,2.02,0.5,"ns"
5,"PC4","Pairwise PERMANOVA","C3 vs C5",0.0324,1.21,0.568,"ns"
5,"PC4","Pairwise PERMANOVA","C4 vs C5",0.0057,0.21,0.7122,"ns"
5,"PC4","Pairwise PERMDISP","C1 vs C2",NA,NA,0.6126,"ns"
5,"PC4","Pairwise PERMDISP","C1 vs C3",NA,NA,0.3548,"ns"
5,"PC4","Pairwise PERMDISP","C1 vs C4",NA,NA,1,"ns"
5,"PC4","Pairwise PERMDISP","C1 vs C5",NA,NA,1,"ns"
5,"PC4","Pairwise PERMDISP","C2 vs C3",NA,NA,0.0071,"**"
5,"PC4","Pairwise PERMDISP","C2 vs C4",NA,NA,0.7236,"ns"
5,"PC4","Pairwise PERMDISP","C2 vs C5",NA,NA,0.3495,"ns"
5,"PC4","Pairwise PERMDISP","C3 vs C4",NA,NA,0.3433,"ns"
5,"PC4","Pairwise PERMDISP","C3 vs C5",NA,NA,0.287,"ns"
5,"PC4","Pairwise PERMDISP","C4 vs C5",NA,NA,0.9996,"ns"
5,"PC5","PERMANOVA (overall)","C1/C2/C3/C4/C5",0.0966,2.35,0.068,"ns"
5,"PC5","PERMDISP (overall)","C1/C2/C3/C4/C5",NA,1.73,0.1515,"ns"
5,"PC5","Pairwise PERMANOVA","C1 vs C2",0.1905,9.65,0.04,"*"
5,"PC5","Pairwise PERMANOVA","C1 vs C3",0.3975,15.83,0.03,"*"
5,"PC5","Pairwise PERMANOVA","C1 vs C4",0.1899,5.62,0.0625,"ns"
5,"PC5","Pairwise PERMANOVA","C1 vs C5",0.1438,6.38,0.0625,"ns"
5,"PC5","Pairwise PERMANOVA","C2 vs C3",3e-04,0.01,1,"ns"
5,"PC5","Pairwise PERMANOVA","C2 vs C4",0,0,1,"ns"
5,"PC5","Pairwise PERMANOVA","C2 vs C5",0.0024,0.13,1,"ns"
5,"PC5","Pairwise PERMANOVA","C3 vs C4",3e-04,0.01,1,"ns"
5,"PC5","Pairwise PERMANOVA","C3 vs C5",0.0043,0.16,1,"ns"
5,"PC5","Pairwise PERMANOVA","C4 vs C5",0.0018,0.06,1,"ns"
5,"PC5","Pairwise PERMDISP","C1 vs C2",NA,NA,0.4569,"ns"
5,"PC5","Pairwise PERMDISP","C1 vs C3",NA,NA,0.9999,"ns"
5,"PC5","Pairwise PERMDISP","C1 vs C4",NA,NA,0.2278,"ns"
5,"PC5","Pairwise PERMDISP","C1 vs C5",NA,NA,0.4597,"ns"
5,"PC5","Pairwise PERMDISP","C2 vs C3",NA,NA,0.6201,"ns"
5,"PC5","Pairwise PERMDISP","C2 vs C4",NA,NA,0.9218,"ns"
5,"PC5","Pairwise PERMDISP","C2 vs C5",NA,NA,1,"ns"
5,"PC5","Pairwise PERMDISP","C3 vs C4",NA,NA,0.3336,"ns"
5,"PC5","Pairwise PERMDISP","C3 vs C5",NA,NA,0.6192,"ns"
5,"PC5","Pairwise PERMDISP","C4 vs C5",NA,NA,0.9335,"ns"
5,"PC6","PERMANOVA (overall)","C1/C2/C3/C4/C5",0.1963,5.37,0.001,"***"
5,"PC6","PERMDISP (overall)","C1/C2/C3/C4/C5",NA,1.57,0.1891,"ns"
5,"PC6","Pairwise PERMANOVA","C1 vs C2",0.2364,12.69,0.01,"**"
5,"PC6","Pairwise PERMANOVA","C1 vs C3",0.1777,5.19,0.118,"ns"
5,"PC6","Pairwise PERMANOVA","C1 vs C4",0.0298,0.74,0.5278,"ns"
5,"PC6","Pairwise PERMANOVA","C1 vs C5",0.0031,0.12,0.747,"ns"
5,"PC6","Pairwise PERMANOVA","C2 vs C3",0.0511,2.1,0.23,"ns"
5,"PC6","Pairwise PERMANOVA","C2 vs C4",0.0979,4.23,0.118,"ns"
5,"PC6","Pairwise PERMANOVA","C2 vs C5",0.2232,15.23,0.01,"**"
5,"PC6","Pairwise PERMANOVA","C3 vs C4",0.0259,0.59,0.5278,"ns"
5,"PC6","Pairwise PERMANOVA","C3 vs C5",0.0943,3.75,0.118,"ns"
5,"PC6","Pairwise PERMANOVA","C4 vs C5",0.0136,0.5,0.5278,"ns"
5,"PC6","Pairwise PERMDISP","C1 vs C2",NA,NA,0.8749,"ns"
5,"PC6","Pairwise PERMDISP","C1 vs C3",NA,NA,0.7877,"ns"
5,"PC6","Pairwise PERMDISP","C1 vs C4",NA,NA,0.8132,"ns"
5,"PC6","Pairwise PERMDISP","C1 vs C5",NA,NA,0.9994,"ns"
5,"PC6","Pairwise PERMDISP","C2 vs C3",NA,NA,0.1877,"ns"
5,"PC6","Pairwise PERMDISP","C2 vs C4",NA,NA,0.997,"ns"
5,"PC6","Pairwise PERMDISP","C2 vs C5",NA,NA,0.9074,"ns"
5,"PC6","Pairwise PERMDISP","C3 vs C4",NA,NA,0.2127,"ns"
5,"PC6","Pairwise PERMDISP","C3 vs C5",NA,NA,0.568,"ns"
5,"PC6","Pairwise PERMDISP","C4 vs C5",NA,NA,0.8511,"ns"
5,"PC7","PERMANOVA (overall)","C1/C2/C3/C4/C5",0.1178,2.94,0.021,"*"
5,"PC7","PERMDISP (overall)","C1/C2/C3/C4/C5",NA,3.38,0.0128,"*"
5,"PC7","Pairwise PERMANOVA","C1 vs C2",0.1748,8.68,0.02,"*"
5,"PC7","Pairwise PERMANOVA","C1 vs C3",0.4699,21.27,0.01,"**"
5,"PC7","Pairwise PERMANOVA","C1 vs C4",0.148,4.17,0.08,"ns"
5,"PC7","Pairwise PERMANOVA","C1 vs C5",0.139,6.14,0.05,"*"
5,"PC7","Pairwise PERMANOVA","C2 vs C3",0.106,4.63,0.08,"ns"
5,"PC7","Pairwise PERMANOVA","C2 vs C4",4e-04,0.01,0.896,"ns"
5,"PC7","Pairwise PERMANOVA","C2 vs C5",0.0119,0.64,0.5262,"ns"
5,"PC7","Pairwise PERMANOVA","C3 vs C4",0.0719,1.7,0.3333,"ns"
5,"PC7","Pairwise PERMANOVA","C3 vs C5",0.0241,0.89,0.5071,"ns"
5,"PC7","Pairwise PERMANOVA","C4 vs C5",0.0051,0.19,0.7433,"ns"
5,"PC7","Pairwise PERMDISP","C1 vs C2",NA,NA,0.5898,"ns"
5,"PC7","Pairwise PERMDISP","C1 vs C3",NA,NA,0.46,"ns"
5,"PC7","Pairwise PERMDISP","C1 vs C4",NA,NA,0.0747,"ns"
5,"PC7","Pairwise PERMDISP","C1 vs C5",NA,NA,0.0125,"*"
5,"PC7","Pairwise PERMDISP","C2 vs C3",NA,NA,0.9847,"ns"
5,"PC7","Pairwise PERMDISP","C2 vs C4",NA,NA,0.4879,"ns"
5,"PC7","Pairwise PERMDISP","C2 vs C5",NA,NA,0.1652,"ns"
5,"PC7","Pairwise PERMDISP","C3 vs C4",NA,NA,0.8873,"ns"
5,"PC7","Pairwise PERMDISP","C3 vs C5",NA,NA,0.728,"ns"
5,"PC7","Pairwise PERMDISP","C4 vs C5",NA,NA,0.9998,"ns"
5,"PC8","PERMANOVA (overall)","C1/C2/C3/C4/C5",0.0696,1.65,0.167,"ns"
5,"PC8","PERMDISP (overall)","C1/C2/C3/C4/C5",NA,0.81,0.5233,"ns"
5,"PC8","Pairwise PERMANOVA","C1 vs C2",0.0465,2,0.288,"ns"
5,"PC8","Pairwise PERMANOVA","C1 vs C3",0.1512,4.27,0.2,"ns"
5,"PC8","Pairwise PERMANOVA","C1 vs C4",0.1781,5.2,0.2,"ns"
5,"PC8","Pairwise PERMANOVA","C1 vs C5",0.0112,0.43,0.6575,"ns"
5,"PC8","Pairwise PERMANOVA","C2 vs C3",0.0191,0.76,0.5571,"ns"
5,"PC8","Pairwise PERMANOVA","C2 vs C4",0.0034,0.13,0.712,"ns"
5,"PC8","Pairwise PERMANOVA","C2 vs C5",0.0224,1.22,0.4483,"ns"
5,"PC8","Pairwise PERMANOVA","C3 vs C4",0.0115,0.26,0.712,"ns"
5,"PC8","Pairwise PERMANOVA","C3 vs C5",0.0881,3.48,0.2567,"ns"
5,"PC8","Pairwise PERMANOVA","C4 vs C5",0.0619,2.38,0.288,"ns"
5,"PC8","Pairwise PERMDISP","C1 vs C2",NA,NA,0.4116,"ns"
5,"PC8","Pairwise PERMDISP","C1 vs C3",NA,NA,0.8212,"ns"
5,"PC8","Pairwise PERMDISP","C1 vs C4",NA,NA,0.9566,"ns"
5,"PC8","Pairwise PERMDISP","C1 vs C5",NA,NA,0.8603,"ns"
5,"PC8","Pairwise PERMDISP","C2 vs C3",NA,NA,0.9928,"ns"
5,"PC8","Pairwise PERMDISP","C2 vs C4",NA,NA,0.9119,"ns"
5,"PC8","Pairwise PERMDISP","C2 vs C5",NA,NA,0.8992,"ns"
5,"PC8","Pairwise PERMDISP","C3 vs C4",NA,NA,0.9964,"ns"
5,"PC8","Pairwise PERMDISP","C3 vs C5",NA,NA,0.9988,"ns"
5,"PC8","Pairwise PERMDISP","C4 vs C5",NA,NA,0.9999,"ns"
5,"PC9","PERMANOVA (overall)","C1/C2/C3/C4/C5",0.2618,7.8,0.001,"***"
5,"PC9","PERMDISP (overall)","C1/C2/C3/C4/C5",NA,1.21,0.3119,"ns"
5,"PC9","Pairwise PERMANOVA","C1 vs C2",0.0824,3.68,0.0817,"ns"
5,"PC9","Pairwise PERMANOVA","C1 vs C3",0.3501,12.93,0.0025,"**"
5,"PC9","Pairwise PERMANOVA","C1 vs C4",0.328,11.72,0.006,"**"
5,"PC9","Pairwise PERMANOVA","C1 vs C5",0.0401,1.59,0.2422,"ns"
5,"PC9","Pairwise PERMANOVA","C2 vs C3",0.3905,24.99,0.0025,"**"
5,"PC9","Pairwise PERMANOVA","C2 vs C4",0.0719,3.02,0.13,"ns"
5,"PC9","Pairwise PERMANOVA","C2 vs C5",0.0014,0.07,0.771,"ns"
5,"PC9","Pairwise PERMANOVA","C3 vs C4",0.6233,36.41,0.0025,"**"
5,"PC9","Pairwise PERMANOVA","C3 vs C5",0.2691,13.25,0.0025,"**"
5,"PC9","Pairwise PERMANOVA","C4 vs C5",0.0638,2.45,0.145,"ns"
5,"PC9","Pairwise PERMDISP","C1 vs C2",NA,NA,0.9172,"ns"
5,"PC9","Pairwise PERMDISP","C1 vs C3",NA,NA,0.9995,"ns"
5,"PC9","Pairwise PERMDISP","C1 vs C4",NA,NA,0.7973,"ns"
5,"PC9","Pairwise PERMDISP","C1 vs C5",NA,NA,0.3234,"ns"
5,"PC9","Pairwise PERMDISP","C2 vs C3",NA,NA,0.9812,"ns"
5,"PC9","Pairwise PERMDISP","C2 vs C4",NA,NA,0.9887,"ns"
5,"PC9","Pairwise PERMDISP","C2 vs C5",NA,NA,0.6775,"ns"
5,"PC9","Pairwise PERMDISP","C3 vs C4",NA,NA,0.9064,"ns"
5,"PC9","Pairwise PERMDISP","C3 vs C5",NA,NA,0.5212,"ns"
5,"PC9","Pairwise PERMDISP","C4 vs C5",NA,NA,0.9818,"ns"
6,"PC1","PERMANOVA (overall)","C1/C2/C3/C4/C5/C6",0.4494,14.2,0.001,"***"
6,"PC1","PERMDISP (overall)","C1/C2/C3/C4/C5/C6",NA,0.8,0.5547,"ns"
6,"PC1","Pairwise PERMANOVA","C1 vs C2",0.1688,4.47,0.069,"ns"
6,"PC1","Pairwise PERMANOVA","C1 vs C3",0.015,0.47,0.476,"ns"
6,"PC1","Pairwise PERMANOVA","C1 vs C4",0.5745,32.4,0.003,"**"
6,"PC1","Pairwise PERMANOVA","C1 vs C5",0.4615,20.57,0.003,"**"
6,"PC1","Pairwise PERMANOVA","C1 vs C6",0.3102,17.09,0.005,"**"
6,"PC1","Pairwise PERMANOVA","C2 vs C3",0.2542,9.2,0.0107,"*"
6,"PC1","Pairwise PERMANOVA","C2 vs C4",0.239,6.28,0.0383,"*"
6,"PC1","Pairwise PERMANOVA","C2 vs C5",0.1075,2.41,0.1705,"ns"
6,"PC1","Pairwise PERMANOVA","C2 vs C6",0.0222,0.77,0.4446,"ns"
6,"PC1","Pairwise PERMANOVA","C3 vs C4",0.6497,53.8,0.003,"**"
6,"PC1","Pairwise PERMANOVA","C3 vs C5",0.5529,35.87,0.003,"**"
6,"PC1","Pairwise PERMANOVA","C3 vs C6",0.4239,31.64,0.003,"**"
6,"PC1","Pairwise PERMANOVA","C4 vs C5",0.063,1.48,0.2942,"ns"
6,"PC1","Pairwise PERMANOVA","C4 vs C6",0.1535,6.53,0.0337,"*"
6,"PC1","Pairwise PERMANOVA","C5 vs C6",0.0368,1.38,0.2942,"ns"
6,"PC1","Pairwise PERMDISP","C1 vs C2",NA,NA,0.9751,"ns"
6,"PC1","Pairwise PERMDISP","C1 vs C3",NA,NA,0.9665,"ns"
6,"PC1","Pairwise PERMDISP","C1 vs C4",NA,NA,0.9881,"ns"
6,"PC1","Pairwise PERMDISP","C1 vs C5",NA,NA,0.9998,"ns"
6,"PC1","Pairwise PERMDISP","C1 vs C6",NA,NA,0.9971,"ns"
6,"PC1","Pairwise PERMDISP","C2 vs C3",NA,NA,0.6551,"ns"
6,"PC1","Pairwise PERMDISP","C2 vs C4",NA,NA,0.7806,"ns"
6,"PC1","Pairwise PERMDISP","C2 vs C5",NA,NA,0.9968,"ns"
6,"PC1","Pairwise PERMDISP","C2 vs C6",NA,NA,0.9984,"ns"
6,"PC1","Pairwise PERMDISP","C3 vs C4",NA,NA,1,"ns"
6,"PC1","Pairwise PERMDISP","C3 vs C5",NA,NA,0.899,"ns"
6,"PC1","Pairwise PERMDISP","C3 vs C6",NA,NA,0.6958,"ns"
6,"PC1","Pairwise PERMDISP","C4 vs C5",NA,NA,0.9528,"ns"
6,"PC1","Pairwise PERMDISP","C4 vs C6",NA,NA,0.8538,"ns"
6,"PC1","Pairwise PERMDISP","C5 vs C6",NA,NA,1,"ns"
6,"PC2","PERMANOVA (overall)","C1/C2/C3/C4/C5/C6",0.2808,6.79,0.001,"***"
6,"PC2","PERMDISP (overall)","C1/C2/C3/C4/C5/C6",NA,0.54,0.7462,"ns"
6,"PC2","Pairwise PERMANOVA","C1 vs C2",7e-04,0.02,0.893,"ns"
6,"PC2","Pairwise PERMANOVA","C1 vs C3",0.0497,1.62,0.26,"ns"
6,"PC2","Pairwise PERMANOVA","C1 vs C4",0.1022,2.73,0.159,"ns"
6,"PC2","Pairwise PERMANOVA","C1 vs C5",0.1076,2.89,0.159,"ns"
6,"PC2","Pairwise PERMANOVA","C1 vs C6",0.1416,6.27,0.042,"*"
6,"PC2","Pairwise PERMANOVA","C2 vs C3",0.0794,2.33,0.1664,"ns"
6,"PC2","Pairwise PERMANOVA","C2 vs C4",0.1557,3.69,0.1393,"ns"
6,"PC2","Pairwise PERMANOVA","C2 vs C5",0.1519,3.58,0.1538,"ns"
6,"PC2","Pairwise PERMANOVA","C2 vs C6",0.1588,6.42,0.05,"*"
6,"PC2","Pairwise PERMANOVA","C3 vs C4",0.018,0.53,0.5308,"ns"
6,"PC2","Pairwise PERMANOVA","C3 vs C5",0.2659,10.51,0.005,"**"
6,"PC2","Pairwise PERMANOVA","C3 vs C6",0.3267,20.86,0.005,"**"
6,"PC2","Pairwise PERMANOVA","C4 vs C5",0.3232,10.51,0.0187,"*"
6,"PC2","Pairwise PERMANOVA","C4 vs C6",0.3613,20.36,0.005,"**"
6,"PC2","Pairwise PERMANOVA","C5 vs C6",0.0022,0.08,0.8336,"ns"
6,"PC2","Pairwise PERMDISP","C1 vs C2",NA,NA,0.8528,"ns"
6,"PC2","Pairwise PERMDISP","C1 vs C3",NA,NA,0.9039,"ns"
6,"PC2","Pairwise PERMDISP","C1 vs C4",NA,NA,1,"ns"
6,"PC2","Pairwise PERMDISP","C1 vs C5",NA,NA,0.9999,"ns"
6,"PC2","Pairwise PERMDISP","C1 vs C6",NA,NA,0.9922,"ns"
6,"PC2","Pairwise PERMDISP","C2 vs C3",NA,NA,0.9997,"ns"
6,"PC2","Pairwise PERMDISP","C2 vs C4",NA,NA,0.8291,"ns"
6,"PC2","Pairwise PERMDISP","C2 vs C5",NA,NA,0.9389,"ns"
6,"PC2","Pairwise PERMDISP","C2 vs C6",NA,NA,0.9703,"ns"
6,"PC2","Pairwise PERMDISP","C3 vs C4",NA,NA,0.8824,"ns"
6,"PC2","Pairwise PERMDISP","C3 vs C5",NA,NA,0.9735,"ns"
6,"PC2","Pairwise PERMDISP","C3 vs C6",NA,NA,0.9924,"ns"
6,"PC2","Pairwise PERMDISP","C4 vs C5",NA,NA,0.9997,"ns"
6,"PC2","Pairwise PERMDISP","C4 vs C6",NA,NA,0.986,"ns"
6,"PC2","Pairwise PERMDISP","C5 vs C6",NA,NA,0.9996,"ns"
6,"PC3","PERMANOVA (overall)","C1/C2/C3/C4/C5/C6",0.135,2.71,0.023,"*"
6,"PC3","PERMDISP (overall)","C1/C2/C3/C4/C5/C6",NA,4.02,0.0025,"**"
6,"PC3","Pairwise PERMANOVA","C1 vs C2",0,0,0.991,"ns"
6,"PC3","Pairwise PERMANOVA","C1 vs C3",0.0544,1.78,0.2686,"ns"
6,"PC3","Pairwise PERMANOVA","C1 vs C4",0.0092,0.22,0.7431,"ns"
6,"PC3","Pairwise PERMANOVA","C1 vs C5",0.1179,3.21,0.2138,"ns"
6,"PC3","Pairwise PERMANOVA","C1 vs C6",0.1224,5.3,0.135,"ns"
6,"PC3","Pairwise PERMANOVA","C2 vs C3",0.0864,2.55,0.2138,"ns"
6,"PC3","Pairwise PERMANOVA","C2 vs C4",0.0159,0.32,0.7431,"ns"
6,"PC3","Pairwise PERMANOVA","C2 vs C5",0.1725,4.17,0.135,"ns"
6,"PC3","Pairwise PERMANOVA","C2 vs C6",0.1468,5.85,0.135,"ns"
6,"PC3","Pairwise PERMANOVA","C3 vs C4",0.0614,1.9,0.2686,"ns"
6,"PC3","Pairwise PERMANOVA","C3 vs C5",0.0718,2.24,0.225,"ns"
6,"PC3","Pairwise PERMANOVA","C3 vs C6",0.0559,2.55,0.2138,"ns"
6,"PC3","Pairwise PERMANOVA","C4 vs C5",0.1763,4.71,0.135,"ns"
6,"PC3","Pairwise PERMANOVA","C4 vs C6",0.13,5.38,0.135,"ns"
6,"PC3","Pairwise PERMANOVA","C5 vs C6",2e-04,0.01,0.991,"ns"
6,"PC3","Pairwise PERMDISP","C1 vs C2",NA,NA,0.6744,"ns"
6,"PC3","Pairwise PERMDISP","C1 vs C3",NA,NA,0.0041,"**"
6,"PC3","Pairwise PERMDISP","C1 vs C4",NA,NA,0.0038,"**"
6,"PC3","Pairwise PERMDISP","C1 vs C5",NA,NA,0.1626,"ns"
6,"PC3","Pairwise PERMDISP","C1 vs C6",NA,NA,0.0255,"*"
6,"PC3","Pairwise PERMDISP","C2 vs C3",NA,NA,0.4652,"ns"
6,"PC3","Pairwise PERMDISP","C2 vs C4",NA,NA,0.3322,"ns"
6,"PC3","Pairwise PERMDISP","C2 vs C5",NA,NA,0.9698,"ns"
6,"PC3","Pairwise PERMDISP","C2 vs C6",NA,NA,0.8529,"ns"
6,"PC3","Pairwise PERMDISP","C3 vs C4",NA,NA,0.9977,"ns"
6,"PC3","Pairwise PERMDISP","C3 vs C5",NA,NA,0.9139,"ns"
6,"PC3","Pairwise PERMDISP","C3 vs C6",NA,NA,0.9435,"ns"
6,"PC3","Pairwise PERMDISP","C4 vs C5",NA,NA,0.7775,"ns"
6,"PC3","Pairwise PERMDISP","C4 vs C6",NA,NA,0.8084,"ns"
6,"PC3","Pairwise PERMDISP","C5 vs C6",NA,NA,0.9998,"ns"
6,"PC4","PERMANOVA (overall)","C1/C2/C3/C4/C5/C6",0.0786,1.48,0.206,"ns"
6,"PC4","PERMDISP (overall)","C1/C2/C3/C4/C5/C6",NA,3.52,0.006,"**"
6,"PC4","Pairwise PERMANOVA","C1 vs C2",0.0153,0.34,0.7535,"ns"
6,"PC4","Pairwise PERMANOVA","C1 vs C3",0.0313,1,0.6113,"ns"
6,"PC4","Pairwise PERMANOVA","C1 vs C4",0.1014,2.71,0.58,"ns"
6,"PC4","Pairwise PERMANOVA","C1 vs C5",3e-04,0.01,0.914,"ns"
6,"PC4","Pairwise PERMANOVA","C1 vs C6",0.0094,0.36,0.7535,"ns"
6,"PC4","Pairwise PERMANOVA","C2 vs C3",0.0646,1.87,0.606,"ns"
6,"PC4","Pairwise PERMANOVA","C2 vs C4",0.0381,0.79,0.6267,"ns"
6,"PC4","Pairwise PERMANOVA","C2 vs C5",0.0104,0.21,0.7535,"ns"
6,"PC4","Pairwise PERMANOVA","C2 vs C6",4e-04,0.01,0.914,"ns"
6,"PC4","Pairwise PERMANOVA","C3 vs C4",0.153,5.24,0.465,"ns"
6,"PC4","Pairwise PERMANOVA","C3 vs C5",0.0335,1.01,0.6113,"ns"
6,"PC4","Pairwise PERMANOVA","C3 vs C6",0.0698,3.22,0.58,"ns"
6,"PC4","Pairwise PERMANOVA","C4 vs C5",0.0839,2.02,0.606,"ns"
6,"PC4","Pairwise PERMANOVA","C4 vs C6",0.0324,1.21,0.6113,"ns"
6,"PC4","Pairwise PERMANOVA","C5 vs C6",0.0057,0.21,0.7535,"ns"
6,"PC4","Pairwise PERMDISP","C1 vs C2",NA,NA,1,"ns"
6,"PC4","Pairwise PERMDISP","C1 vs C3",NA,NA,0.2877,"ns"
6,"PC4","Pairwise PERMDISP","C1 vs C4",NA,NA,0.3773,"ns"
6,"PC4","Pairwise PERMDISP","C1 vs C5",NA,NA,1,"ns"
6,"PC4","Pairwise PERMDISP","C1 vs C6",NA,NA,1,"ns"
6,"PC4","Pairwise PERMDISP","C2 vs C3",NA,NA,0.3141,"ns"
6,"PC4","Pairwise PERMDISP","C2 vs C4",NA,NA,0.5673,"ns"
6,"PC4","Pairwise PERMDISP","C2 vs C5",NA,NA,0.9999,"ns"
6,"PC4","Pairwise PERMDISP","C2 vs C6",NA,NA,1,"ns"
6,"PC4","Pairwise PERMDISP","C3 vs C4",NA,NA,0.0012,"**"
6,"PC4","Pairwise PERMDISP","C3 vs C5",NA,NA,0.3971,"ns"
6,"PC4","Pairwise PERMDISP","C3 vs C6",NA,NA,0.108,"ns"
6,"PC4","Pairwise PERMDISP","C4 vs C5",NA,NA,0.3645,"ns"
6,"PC4","Pairwise PERMDISP","C4 vs C6",NA,NA,0.3018,"ns"
6,"PC4","Pairwise PERMDISP","C5 vs C6",NA,NA,0.9999,"ns"
6,"PC5","PERMANOVA (overall)","C1/C2/C3/C4/C5/C6",0.3056,7.66,0.001,"***"
6,"PC5","PERMDISP (overall)","C1/C2/C3/C4/C5/C6",NA,2.46,0.0393,"*"
6,"PC5","Pairwise PERMANOVA","C1 vs C2",0.0383,0.88,0.44,"ns"
6,"PC5","Pairwise PERMANOVA","C1 vs C3",0.7099,75.84,0.0075,"**"
6,"PC5","Pairwise PERMANOVA","C1 vs C4",0.3975,15.83,0.015,"*"
6,"PC5","Pairwise PERMANOVA","C1 vs C5",0.1899,5.62,0.0367,"*"
6,"PC5","Pairwise PERMANOVA","C1 vs C6",0.1438,6.38,0.0257,"*"
6,"PC5","Pairwise PERMANOVA","C2 vs C3",0.6963,61.9,0.0075,"**"
6,"PC5","Pairwise PERMANOVA","C2 vs C4",0.4354,15.42,0.01,"**"
6,"PC5","Pairwise PERMANOVA","C2 vs C5",0.2324,6.06,0.0435,"*"
6,"PC5","Pairwise PERMANOVA","C2 vs C6",0.1801,7.47,0.021,"*"
6,"PC5","Pairwise PERMANOVA","C3 vs C4",0.2197,8.16,0.0225,"*"
6,"PC5","Pairwise PERMANOVA","C3 vs C5",0.1072,3.48,0.0914,"ns"
6,"PC5","Pairwise PERMANOVA","C3 vs C6",0.1374,6.85,0.0337,"*"
6,"PC5","Pairwise PERMANOVA","C4 vs C5",3e-04,0.01,0.956,"ns"
6,"PC5","Pairwise PERMANOVA","C4 vs C6",0.0043,0.16,0.825,"ns"
6,"PC5","Pairwise PERMANOVA","C5 vs C6",0.0018,0.06,0.84,"ns"
6,"PC5","Pairwise PERMDISP","C1 vs C2",NA,NA,0.9873,"ns"
6,"PC5","Pairwise PERMDISP","C1 vs C3",NA,NA,0.9992,"ns"
6,"PC5","Pairwise PERMDISP","C1 vs C4",NA,NA,1,"ns"
6,"PC5","Pairwise PERMDISP","C1 vs C5",NA,NA,0.2006,"ns"
6,"PC5","Pairwise PERMDISP","C1 vs C6",NA,NA,0.4512,"ns"
6,"PC5","Pairwise PERMDISP","C2 vs C3",NA,NA,0.9158,"ns"
6,"PC5","Pairwise PERMDISP","C2 vs C4",NA,NA,0.997,"ns"
6,"PC5","Pairwise PERMDISP","C2 vs C5",NA,NA,0.6641,"ns"
6,"PC5","Pairwise PERMDISP","C2 vs C6",NA,NA,0.9415,"ns"
6,"PC5","Pairwise PERMDISP","C3 vs C4",NA,NA,0.9955,"ns"
6,"PC5","Pairwise PERMDISP","C3 vs C5",NA,NA,0.0659,"ns"
6,"PC5","Pairwise PERMDISP","C3 vs C6",NA,NA,0.1584,"ns"
6,"PC5","Pairwise PERMDISP","C4 vs C5",NA,NA,0.3125,"ns"
6,"PC5","Pairwise PERMDISP","C4 vs C6",NA,NA,0.6294,"ns"
6,"PC5","Pairwise PERMDISP","C5 vs C6",NA,NA,0.9536,"ns"
6,"PC6","PERMANOVA (overall)","C1/C2/C3/C4/C5/C6",0.2004,4.36,0.003,"**"
6,"PC6","PERMDISP (overall)","C1/C2/C3/C4/C5/C6",NA,1.07,0.3799,"ns"
6,"PC6","Pairwise PERMANOVA","C1 vs C2",0.3484,11.77,0.015,"*"
6,"PC6","Pairwise PERMANOVA","C1 vs C3",0.2335,9.44,0.015,"*"
6,"PC6","Pairwise PERMANOVA","C1 vs C4",0.1777,5.19,0.06,"ns"
6,"PC6","Pairwise PERMANOVA","C1 vs C5",0.0298,0.74,0.5264,"ns"
6,"PC6","Pairwise PERMANOVA","C1 vs C6",0.0031,0.12,0.73,"ns"
6,"PC6","Pairwise PERMANOVA","C2 vs C3",0.0137,0.38,0.5839,"ns"
6,"PC6","Pairwise PERMANOVA","C2 vs C4",0.1343,3.1,0.18,"ns"
6,"PC6","Pairwise PERMANOVA","C2 vs C5",0.1533,3.62,0.1479,"ns"
6,"PC6","Pairwise PERMANOVA","C2 vs C6",0.2558,11.68,0.015,"*"
6,"PC6","Pairwise PERMANOVA","C3 vs C4",0.0419,1.27,0.381,"ns"
6,"PC6","Pairwise PERMANOVA","C3 vs C5",0.0863,2.74,0.2083,"ns"
6,"PC6","Pairwise PERMANOVA","C3 vs C6",0.1943,10.37,0.015,"*"
6,"PC6","Pairwise PERMANOVA","C4 vs C5",0.0259,0.59,0.5688,"ns"
6,"PC6","Pairwise PERMANOVA","C4 vs C6",0.0943,3.75,0.135,"ns"
6,"PC6","Pairwise PERMANOVA","C5 vs C6",0.0136,0.5,0.5688,"ns"
6,"PC6","Pairwise PERMDISP","C1 vs C2",NA,NA,0.9994,"ns"
6,"PC6","Pairwise PERMDISP","C1 vs C3",NA,NA,0.9626,"ns"
6,"PC6","Pairwise PERMDISP","C1 vs C4",NA,NA,0.8837,"ns"
6,"PC6","Pairwise PERMDISP","C1 vs C5",NA,NA,0.9014,"ns"
6,"PC6","Pairwise PERMDISP","C1 vs C6",NA,NA,0.9999,"ns"
6,"PC6","Pairwise PERMDISP","C2 vs C3",NA,NA,0.9989,"ns"
6,"PC6","Pairwise PERMDISP","C2 vs C4",NA,NA,0.7675,"ns"
6,"PC6","Pairwise PERMDISP","C2 vs C5",NA,NA,0.9883,"ns"
6,"PC6","Pairwise PERMDISP","C2 vs C6",NA,NA,1,"ns"
6,"PC6","Pairwise PERMDISP","C3 vs C4",NA,NA,0.3796,"ns"
6,"PC6","Pairwise PERMDISP","C3 vs C5",NA,NA,0.9995,"ns"
6,"PC6","Pairwise PERMDISP","C3 vs C6",NA,NA,0.9791,"ns"
6,"PC6","Pairwise PERMDISP","C4 vs C5",NA,NA,0.319,"ns"
6,"PC6","Pairwise PERMDISP","C4 vs C6",NA,NA,0.7037,"ns"
6,"PC6","Pairwise PERMDISP","C5 vs C6",NA,NA,0.9265,"ns"
6,"PC7","PERMANOVA (overall)","C1/C2/C3/C4/C5/C6",0.1179,2.33,0.045,"*"
6,"PC7","PERMDISP (overall)","C1/C2/C3/C4/C5/C6",NA,2.67,0.0273,"*"
6,"PC7","Pairwise PERMANOVA","C1 vs C2",0.2962,9.26,0.075,"ns"
6,"PC7","Pairwise PERMANOVA","C1 vs C3",0.1952,7.52,0.045,"*"
6,"PC7","Pairwise PERMANOVA","C1 vs C4",0.4699,21.27,0.03,"*"
6,"PC7","Pairwise PERMANOVA","C1 vs C5",0.148,4.17,0.102,"ns"
6,"PC7","Pairwise PERMANOVA","C1 vs C6",0.139,6.14,0.075,"ns"
6,"PC7","Pairwise PERMANOVA","C2 vs C3",4e-04,0.01,0.94,"ns"
6,"PC7","Pairwise PERMANOVA","C2 vs C4",0.1337,3.09,0.2121,"ns"
6,"PC7","Pairwise PERMANOVA","C2 vs C5",9e-04,0.02,0.94,"ns"
6,"PC7","Pairwise PERMANOVA","C2 vs C6",0.0097,0.33,0.7555,"ns"
6,"PC7","Pairwise PERMANOVA","C3 vs C4",0.1044,3.38,0.1925,"ns"
6,"PC7","Pairwise PERMANOVA","C3 vs C5",2e-04,0,0.94,"ns"
6,"PC7","Pairwise PERMANOVA","C3 vs C6",0.0093,0.4,0.7555,"ns"
6,"PC7","Pairwise PERMANOVA","C4 vs C5",0.0719,1.7,0.3844,"ns"
6,"PC7","Pairwise PERMANOVA","C4 vs C6",0.0241,0.89,0.5567,"ns"
6,"PC7","Pairwise PERMANOVA","C5 vs C6",0.0051,0.19,0.8388,"ns"
6,"PC7","Pairwise PERMDISP","C1 vs C2",NA,NA,0.9195,"ns"
6,"PC7","Pairwise PERMDISP","C1 vs C3",NA,NA,0.8134,"ns"
6,"PC7","Pairwise PERMDISP","C1 vs C4",NA,NA,0.5823,"ns"
6,"PC7","Pairwise PERMDISP","C1 vs C5",NA,NA,0.1174,"ns"
6,"PC7","Pairwise PERMDISP","C1 vs C6",NA,NA,0.0223,"*"
6,"PC7","Pairwise PERMDISP","C2 vs C3",NA,NA,1,"ns"
6,"PC7","Pairwise PERMDISP","C2 vs C4",NA,NA,0.9945,"ns"
6,"PC7","Pairwise PERMDISP","C2 vs C5",NA,NA,0.7285,"ns"
6,"PC7","Pairwise PERMDISP","C2 vs C6",NA,NA,0.4999,"ns"
6,"PC7","Pairwise PERMDISP","C3 vs C4",NA,NA,0.9939,"ns"
6,"PC7","Pairwise PERMDISP","C3 vs C5",NA,NA,0.6354,"ns"
6,"PC7","Pairwise PERMDISP","C3 vs C6",NA,NA,0.3121,"ns"
6,"PC7","Pairwise PERMDISP","C4 vs C5",NA,NA,0.945,"ns"
6,"PC7","Pairwise PERMDISP","C4 vs C6",NA,NA,0.8299,"ns"
6,"PC7","Pairwise PERMDISP","C5 vs C6",NA,NA,1,"ns"
6,"PC8","PERMANOVA (overall)","C1/C2/C3/C4/C5/C6",0.1267,2.52,0.033,"*"
6,"PC8","PERMDISP (overall)","C1/C2/C3/C4/C5/C6",NA,0.89,0.4913,"ns"
6,"PC8","Pairwise PERMANOVA","C1 vs C2",0.005,0.11,0.7725,"ns"
6,"PC8","Pairwise PERMANOVA","C1 vs C3",0.1841,6.99,0.1162,"ns"
6,"PC8","Pairwise PERMANOVA","C1 vs C4",0.1512,4.27,0.1162,"ns"
6,"PC8","Pairwise PERMANOVA","C1 vs C5",0.1781,5.2,0.1162,"ns"
6,"PC8","Pairwise PERMANOVA","C1 vs C6",0.0112,0.43,0.7173,"ns"
6,"PC8","Pairwise PERMANOVA","C2 vs C3",0.1405,4.41,0.135,"ns"
6,"PC8","Pairwise PERMANOVA","C2 vs C4",0.1216,2.77,0.2333,"ns"
6,"PC8","Pairwise PERMANOVA","C2 vs C5",0.1163,2.63,0.2333,"ns"
6,"PC8","Pairwise PERMANOVA","C2 vs C6",0.0184,0.64,0.6,"ns"
6,"PC8","Pairwise PERMANOVA","C3 vs C4",6e-04,0.02,0.886,"ns"
6,"PC8","Pairwise PERMANOVA","C3 vs C5",0.0092,0.27,0.7535,"ns"
6,"PC8","Pairwise PERMANOVA","C3 vs C6",0.1068,5.14,0.1162,"ns"
6,"PC8","Pairwise PERMANOVA","C4 vs C5",0.0115,0.26,0.7535,"ns"
6,"PC8","Pairwise PERMANOVA","C4 vs C6",0.0881,3.48,0.18,"ns"
6,"PC8","Pairwise PERMANOVA","C5 vs C6",0.0619,2.38,0.2333,"ns"
6,"PC8","Pairwise PERMDISP","C1 vs C2",NA,NA,0.3205,"ns"
6,"PC8","Pairwise PERMDISP","C1 vs C3",NA,NA,0.8315,"ns"
6,"PC8","Pairwise PERMDISP","C1 vs C4",NA,NA,0.874,"ns"
6,"PC8","Pairwise PERMDISP","C1 vs C5",NA,NA,0.9782,"ns"
6,"PC8","Pairwise PERMDISP","C1 vs C6",NA,NA,0.9071,"ns"
6,"PC8","Pairwise PERMDISP","C2 vs C3",NA,NA,0.8848,"ns"
6,"PC8","Pairwise PERMDISP","C2 vs C4",NA,NA,0.9283,"ns"
6,"PC8","Pairwise PERMDISP","C2 vs C5",NA,NA,0.7732,"ns"
6,"PC8","Pairwise PERMDISP","C2 vs C6",NA,NA,0.7444,"ns"
6,"PC8","Pairwise PERMDISP","C3 vs C4",NA,NA,1,"ns"
6,"PC8","Pairwise PERMDISP","C3 vs C5",NA,NA,0.9989,"ns"
6,"PC8","Pairwise PERMDISP","C3 vs C6",NA,NA,0.9998,"ns"
6,"PC8","Pairwise PERMDISP","C4 vs C5",NA,NA,0.999,"ns"
6,"PC8","Pairwise PERMDISP","C4 vs C6",NA,NA,0.9998,"ns"
6,"PC8","Pairwise PERMDISP","C5 vs C6",NA,NA,1,"ns"
6,"PC9","PERMANOVA (overall)","C1/C2/C3/C4/C5/C6",0.2728,6.53,0.001,"***"
6,"PC9","PERMDISP (overall)","C1/C2/C3/C4/C5/C6",NA,2.42,0.0421,"*"
6,"PC9","Pairwise PERMANOVA","C1 vs C2",0.1692,4.48,0.0825,"ns"
6,"PC9","Pairwise PERMANOVA","C1 vs C3",0.0723,2.42,0.21,"ns"
6,"PC9","Pairwise PERMANOVA","C1 vs C4",0.3501,12.93,0.0037,"**"
6,"PC9","Pairwise PERMANOVA","C1 vs C5",0.328,11.72,0.005,"**"
6,"PC9","Pairwise PERMANOVA","C1 vs C6",0.0401,1.59,0.305,"ns"
6,"PC9","Pairwise PERMANOVA","C2 vs C3",0.0521,1.48,0.305,"ns"
6,"PC9","Pairwise PERMANOVA","C2 vs C4",0.479,18.39,0.005,"**"
6,"PC9","Pairwise PERMANOVA","C2 vs C5",0.0168,0.34,0.6,"ns"
6,"PC9","Pairwise PERMANOVA","C2 vs C6",0.0182,0.63,0.5008,"ns"
6,"PC9","Pairwise PERMANOVA","C3 vs C4",0.4749,26.23,0.0037,"**"
6,"PC9","Pairwise PERMANOVA","C3 vs C5",0.1603,5.54,0.0707,"ns"
6,"PC9","Pairwise PERMANOVA","C3 vs C6",0.0012,0.05,0.832,"ns"
6,"PC9","Pairwise PERMANOVA","C4 vs C5",0.6233,36.41,0.0037,"**"
6,"PC9","Pairwise PERMANOVA","C4 vs C6",0.2691,13.25,0.0037,"**"
6,"PC9","Pairwise PERMANOVA","C5 vs C6",0.0638,2.45,0.21,"ns"
6,"PC9","Pairwise PERMDISP","C1 vs C2",NA,NA,0.2165,"ns"
6,"PC9","Pairwise PERMDISP","C1 vs C3",NA,NA,1,"ns"
6,"PC9","Pairwise PERMDISP","C1 vs C4",NA,NA,0.9999,"ns"
6,"PC9","Pairwise PERMDISP","C1 vs C5",NA,NA,0.8429,"ns"
6,"PC9","Pairwise PERMDISP","C1 vs C6",NA,NA,0.34,"ns"
6,"PC9","Pairwise PERMDISP","C2 vs C3",NA,NA,0.1155,"ns"
6,"PC9","Pairwise PERMDISP","C2 vs C4",NA,NA,0.3559,"ns"
6,"PC9","Pairwise PERMDISP","C2 vs C5",NA,NA,0.8764,"ns"
6,"PC9","Pairwise PERMDISP","C2 vs C6",NA,NA,0.9777,"ns"
6,"PC9","Pairwise PERMDISP","C3 vs C4",NA,NA,0.9984,"ns"
6,"PC9","Pairwise PERMDISP","C3 vs C5",NA,NA,0.7045,"ns"
6,"PC9","Pairwise PERMDISP","C3 vs C6",NA,NA,0.1578,"ns"
6,"PC9","Pairwise PERMDISP","C4 vs C5",NA,NA,0.939,"ns"
6,"PC9","Pairwise PERMDISP","C4 vs C6",NA,NA,0.5587,"ns"
6,"PC9","Pairwise PERMDISP","C5 vs C6",NA,NA,0.992,"ns"
