"sample_cluster","col_cluster","ASV","short_name","mean_in","mean_out"
"A1","CC1","JGI_0000069-P22 (11); JGI_0000069-P22_fa (11); JGI_0000069-P22_ge (11); ESV_1988","JGI_0000069-P22_ge (11); ESV_1988",0.013362,0.00131
"A1","CC1","Cellvibrionales (100); Halieaceae (100); Halioglobus (96); ESV_1031","Halioglobus (96); ESV_1031",0.00816,0.001188
"A1","CC1","KI89A_clade (100); KI89A_clade_fa (100); KI89A_clade_ge (100); ESV_857","KI89A_clade_ge (100); ESV_857",0.000877,0.000148
"A1","CC1","Arenicellales (100); Arenicellaceae (100); Arenicella (100); ESV_2959","Arenicella (100); ESV_2959",0.001017,0.000288
"A1","CC1","Alteromonadales (100); Marinobacteraceae (100); Marinobacter (100); ESV_276","Marinobacter (100); ESV_276",0.000741,0.000284
"A1","CC2","Puniceispirillales (100); SAR116_clade (100); SAR116_clade_ge (100); ESV_457","SAR116_clade_ge (100); ESV_457",0.00885,0.002116
"A1","CC2","Parvibaculales (100); OCS116_clade (100); OCS116_clade_ge (100); ESV_376","OCS116_clade_ge (100); ESV_376",0.007706,0.001767
"A1","CC4","Flavobacteriales (100); Flavobacteriaceae (100); Formosa (83); ESV_6","Formosa (83); ESV_6",0.04922,0.018665
"A1","CC5","Cellvibrionales (100); Porticoccaceae (100); SAR92_clade (100); ESV_261","SAR92_clade (100); ESV_261",0.016133,0.004274
"A1","CC5","Cellvibrionales (100); Porticoccaceae (100); SAR92_clade (100); ESV_626","SAR92_clade (100); ESV_626",0.010274,0.003609
"A1","CC6","SAR11_clade (100); Clade_I (100); Clade_Ia (100); ESV_1","Clade_Ia (100); ESV_1",0.150284,0.07072
"A1","CC6","Rhodobacterales (100); Rhodobacteraceae (100); Sulfitobacter (99); ESV_26","Sulfitobacter (99); ESV_26",0.112737,0.040211
"A1","CC6","Cellvibrionales (100); Porticoccaceae (100); SAR92_clade (100); ESV_58","SAR92_clade (100); ESV_58",0.047814,0.013333
"A1","CC6","Rhodobacterales (100); Rhodobacteraceae (100); Amylibacter (88); ESV_14","Amylibacter (88); ESV_14",0.031511,0.015012
"A2","CC1","SAR86_clade (100); SAR86_clade_fa (100); SAR86_clade_ge (100); ESV_757","SAR86_clade_ge (100); ESV_757",0.007576,0.000126
"A2","CC1","SAR86_clade (100); SAR86_clade_fa (100); SAR86_clade_ge (100); ESV_3710","SAR86_clade_ge (100); ESV_3710",0.00961,0.000206
"A2","CC1","Pseudomonadales (87); Moraxellaceae (87); Psychrobacter (83); ESV_364","Psychrobacter (83); ESV_364",0.038289,0.003871
"A2","CC1","Cellvibrionales (65); Spongiibacteraceae (53); BD1-7_clade (30); ESV_5213","BD1-7_clade (30); ESV_5213",0.002748,3.5e-05
"A2","CC1","uncultured (53); uncultured_fa (53); uncultured_ge (53); ESV_804","uncultured_ge (53); ESV_804",0.004661,0.000107
"A2","CC2","Phycisphaerales (98); Phycisphaeraceae (98); Urania-1B-19_marine_sediment_group (67); ESV_623","Urania-1B-19_marine_sediment_group (67); ESV_623",0.003399,0.000384
"A2","CC2","Diplorickettsiales (5); Diplorickettsiaceae (5); uncultured (5); ESV_2764","uncultured (5); ESV_2764",0.002868,0.000777
"A2","CC3","Chthoniobacterales (100); Chthoniobacteraceae (82); LD29 (82); ESV_327","LD29 (82); ESV_327",0.005945,0.000419
"A2","CC3","Phycisphaerales (100); Phycisphaeraceae (100); Urania-1B-19_marine_sediment_group (79); ESV_802","Urania-1B-19_marine_sediment_group (79); ESV_802",0.003339,0.000536
"A2","CC3","SAR11_clade (100); Clade_III (100); Clade_III_ge (100); ESV_151","Clade_III_ge (100); ESV_151",0.005253,0.002002
"A2","CC3","Rhodospirillales (100); AEGEAN-169_marine_group (100); AEGEAN-169_marine_group_ge (100); ESV_168","AEGEAN-169_marine_group_ge (100); ESV_168",0.001762,0.000416
"A2","CC4","SAR86_clade (100); SAR86_clade_fa (100); SAR86_clade_ge (100); ESV_8","SAR86_clade_ge (100); ESV_8",0.095222,0.015252
"A2","CC4","SAR86_clade (100); SAR86_clade_fa (100); SAR86_clade_ge (100); ESV_37","SAR86_clade_ge (100); ESV_37",0.035731,0.009277
"A2","CC4","Cytophagales (100); Cyclobacteriaceae (100); Marinoscillum (100); ESV_217","Marinoscillum (100); ESV_217",0.028634,0.006612
"A2","CC4","Verrucomicrobiales (100); Rubritaleaceae (100); Roseibacillus (99); ESV_59","Roseibacillus (99); ESV_59",0.00322,0.001089
"A2","CC5","Oceanospirillales (100); Pseudohongiellaceae (100); Pseudohongiella (100); ESV_147","Pseudohongiella (100); ESV_147",0.02919,0.001991
"A2","CC5","OM182_clade (100); OM182_clade_fa (100); OM182_clade_ge (100); ESV_314","OM182_clade_ge (100); ESV_314",0.021526,0.00257
"A2","CC5","Puniceispirillales (100); SAR116_clade (100); SAR116_clade_ge (100); ESV_94","SAR116_clade_ge (100); ESV_94",0.024451,0.003972
"A2","CC5","Cellvibrionales (100); Halieaceae (100); OM60(NOR5)_clade (50); ESV_544","OM60(NOR5)_clade (50); ESV_544",0.014914,0.003856
"A2","CC5","Cellvibrionales (100); Porticoccaceae (100); SAR92_clade (100); ESV_626","SAR92_clade (100); ESV_626",0.010494,0.003348
"A2","CC6","OM182_clade (99); OM182_clade_fa (99); OM182_clade_ge (99); ESV_72","OM182_clade_ge (99); ESV_72",0.052371,0.021504
"A2","CC6","Cellvibrionales (100); Porticoccaceae (100); SAR92_clade (100); ESV_96","SAR92_clade (100); ESV_96",0.047812,0.018688
"A2","CC6","Rhodobacterales (100); Rhodobacteraceae (100); Amylibacter (88); ESV_14","Amylibacter (88); ESV_14",0.036326,0.013981
"A2","CC6","Oceanospirillales (100); Pseudohongiellaceae (100); Pseudohongiella (100); ESV_107","Pseudohongiella (100); ESV_107",0.017532,0.007349
"B1","CC1","Chitinivibrionales (18); Chitinivibrionaceae (18); Chitinivibrio (18); ESV_9969","Chitinivibrio (18); ESV_9969",0.000509,4e-06
"B1","CC1","JGI_0000069-P22 (11); JGI_0000069-P22_fa (11); JGI_0000069-P22_ge (11); ESV_1988","JGI_0000069-P22_ge (11); ESV_1988",0.004531,0.001637
"B1","CC1","Flavobacteriales (100); NS9_marine_group (100); NS9_marine_group_ge (100); ESV_338","NS9_marine_group_ge (100); ESV_338",0.000481,2.3e-05
"B1","CC1","Desulfobacterales (100); Desulfobulbaceae (100); Desulforhopalus (100); ESV_1498","Desulforhopalus (100); ESV_1498",0.000535,3.1e-05
"B1","CC1","Flavobacteriales (100); Flavobacteriaceae (100); Lutimonas (100); ESV_3021","Lutimonas (100); ESV_3021",0.000566,3.5e-05
"B1","CC2","Flavobacteriales (100); Flavobacteriaceae (100); NS4_marine_group (100); ESV_220","NS4_marine_group (100); ESV_220",0.013103,0.003037
"B1","CC2","Flavobacteriales (100); Flavobacteriaceae (100); Tenacibaculum (92); ESV_418","Tenacibaculum (92); ESV_418",0.009176,0.002335
"B1","CC2","Nitrosopumilales (100); Nitrosopumilaceae (100); Candidatus_Nitrosopumilus (100); ESV_263","Candidatus_Nitrosopumilus (100); ESV_263",0.006675,0.001637
"B1","CC2","Flavobacteriales (100); Crocinitomicaceae (100); Fluviicola (80); ESV_1629","Fluviicola (80); ESV_1629",0.000986,5.4e-05
"B1","CC2","Flavobacteriales (100); NS9_marine_group (100); NS9_marine_group_ge (100); ESV_432","NS9_marine_group_ge (100); ESV_432",0.004112,0.000977
"B1","CC5","Cellvibrionales (100); Porticoccaceae (100); SAR92_clade (100); ESV_626","SAR92_clade (100); ESV_626",0.007679,0.003553
"B1","CC5","Flavobacteriales (93); Flavobacteriaceae (93); Lutibacter (50); ESV_526","Lutibacter (50); ESV_526",0.003395,0.001458
"B1","CC5","Chitinophagales (100); Saprospiraceae (100); uncultured (100); ESV_280","uncultured (100); ESV_280",0.001573,0.000652
"B1","CC5","Chitinophagales (100); Saprospiraceae (100); uncultured (100); ESV_1166","uncultured (100); ESV_1166",0.000899,0.000442
"B1","CC6","Thiomicrospirales (100); Thioglobaceae (100); SUP05_cluster (100); ESV_10","SUP05_cluster (100); ESV_10",0.051286,0.019882
"B1","CC6","Verrucomicrobiales (100); Rubritaleaceae (100); Persicirhabdus (100); ESV_190","Persicirhabdus (100); ESV_190",0.026182,0.011145
"B2a","CC1","Flavobacteriales (100); Flavobacteriaceae (100); Polaribacter_3 (65); ESV_1036","Polaribacter_3 (65); ESV_1036",0.002903,0
"B2a","CC1","Flavobacteriales (100); Flavobacteriaceae (100); uncultured (100); ESV_4334","uncultured (100); ESV_4334",0.000968,4e-06
"B2a","CC1","Flavobacteriales (99); NS9_marine_group (88); NS9_marine_group_ge (88); ESV_6004","NS9_marine_group_ge (88); ESV_6004",0.000907,6e-06
"B2a","CC1","Oceanospirillales (100); Pseudohongiellaceae (100); Pseudohongiella (100); ESV_9385","Pseudohongiella (100); ESV_9385",0.000488,1.1e-05
"B2a","CC1","Oceanospirillales (100); Nitrincolaceae (100); uncultured (100); ESV_507","uncultured (100); ESV_507",0.001724,0.000319
"B2a","CC2","Alteromonadales (100); Alteromonadaceae (100); Alteromonas (100); ESV_50","Alteromonas (100); ESV_50",0.019538,0.002389
"B2a","CC2","Rhodobacterales (100); Rhodobacteraceae (100); uncultured (94); ESV_792","uncultured (94); ESV_792",0.000897,0.000374
"B2a","CC3","Verrucomicrobiales (100); DEV007 (84); DEV007_ge (84); ESV_1187","DEV007_ge (84); ESV_1187",0.001032,3.4e-05
"B2a","CC3","Flavobacteriales (98); NS7_marine_group (98); NS7_marine_group_ge (98); ESV_952","NS7_marine_group_ge (98); ESV_952",7e-05,1.9e-05
"B2a","CC4","SAR86_clade (100); SAR86_clade_fa (100); SAR86_clade_ge (100); ESV_8","SAR86_clade_ge (100); ESV_8",0.041132,0.019883
"B2a","CC4","Verrucomicrobiales (100); Rubritaleaceae (100); Roseibacillus (99); ESV_59","Roseibacillus (99); ESV_59",0.002784,0.001108
"B2a","CC5","Flavobacteriales (100); Flavobacteriaceae (100); Polaribacter_1 (70); ESV_196","Polaribacter_1 (70); ESV_196",0.019235,0.001475
"B2a","CC5","Flavobacteriales (100); Flavobacteriaceae (100); Polaribacter (85); ESV_676","Polaribacter (85); ESV_676",0.012803,0.002305
"B2a","CC5","OM182_clade (100); OM182_clade_fa (100); OM182_clade_ge (100); ESV_1503","OM182_clade_ge (100); ESV_1503",0.008147,0.001065
"B2a","CC5","Cellvibrionales (100); Porticoccaceae (100); SAR92_clade (100); ESV_361","SAR92_clade (100); ESV_361",0.007587,0.000955
"B2a","CC5","Flavobacteriales (100); Flavobacteriaceae (100); NS4_marine_group (100); ESV_149","NS4_marine_group (100); ESV_149",0.008157,0.001367
"B2a","CC6","Flavobacteriales (100); Flavobacteriaceae (100); Ulvibacter (98); ESV_139","Ulvibacter (98); ESV_139",0.015518,0.006517
"B2b","CC1","Flavobacteriales (100); Flavobacteriaceae (100); Polaribacter_1 (96); ESV_717","Polaribacter_1 (96); ESV_717",0.000343,0
"B2b","CC1","Rhodobacterales (100); Rhodobacteraceae (100); Sulfitobacter (99); ESV_597","Sulfitobacter (99); ESV_597",0.000965,5.2e-05
"B2b","CC1","Flavobacteriales (100); Flavobacteriaceae (100); Polaribacter (93); ESV_354","Polaribacter (93); ESV_354",0.001146,0.000169
"B2b","CC1","Rhodobacterales (100); Rhodobacteraceae (100); Amylibacter (62); ESV_678","Amylibacter (62); ESV_678",0.00182,0.000533
"B2b","CC1","P.palmC41 (81); P.palmC41_fa (81); P.palmC41_ge (81); ESV_5281","P.palmC41_ge (81); ESV_5281",0.000326,1.8e-05
"B2b","CC2","Flavobacteriales (100); Flavobacteriaceae (100); NS4_marine_group (98); ESV_2669","NS4_marine_group (98); ESV_2669",0.000202,6.5e-05
"B2b","CC5","Flavobacteriales (100); Flavobacteriaceae (100); uncultured (100); ESV_130","uncultured (100); ESV_130",0.029192,0.007856
"B2b","CC5","Sphingobacteriales (100); NS11-12_marine_group (100); NS11-12_marine_group_ge (100); ESV_709","NS11-12_marine_group_ge (100); ESV_709",0.010619,0.001854
"B2b","CC5","Flavobacteriales (100); Flavobacteriaceae (100); Polaribacter_1 (90); ESV_322","Polaribacter_1 (90); ESV_322",0.009418,0.001522
"B2b","CC5","Cellvibrionales (100); Porticoccaceae (100); SAR92_clade (100); ESV_261","SAR92_clade (100); ESV_261",0.012463,0.003589
"B2b","CC5","Flavobacteriales (100); Flavobacteriaceae (100); NS4_marine_group (100); ESV_622","NS4_marine_group (100); ESV_622",0.004832,0.000942
"B2b","CC6","Flavobacteriales (100); Flavobacteriaceae (100); Ulvibacter (99); ESV_9","Ulvibacter (99); ESV_9",0.09869,0.044215
"B2b","CC6","Opitutales (100); Puniceicoccaceae (100); Lentimonas (100); ESV_88","Lentimonas (100); ESV_88",0.030526,0.015136
"B2b","CC6","Alteromonadales (100); Alteromonadaceae (100); Paraglaciecola (100); ESV_38","Paraglaciecola (100); ESV_38",0.015622,0.00742
"C1a","CC1","Flavobacteriales (100); Crocinitomicaceae (100); Fluviicola (100); ESV_210","Fluviicola (100); ESV_210",0.001927,6.6e-05
"C1a","CC1","Flavobacteriales (100); Flavobacteriaceae (100); Lutimonas (100); ESV_1235","Lutimonas (100); ESV_1235",0.002061,8.9e-05
"C1a","CC1","Kiritimatiellales (100); Kiritimatiellaceae (100); R76-B128 (100); ESV_2333","R76-B128 (100); ESV_2333",0.000701,1.1e-05
"C1a","CC1","Nitrosopumilales (100); Nitrosopumilaceae (100); Candidatus_Nitrosopumilus (100); ESV_910","Candidatus_Nitrosopumilus (100); ESV_910",0.001499,5.7e-05
"C1a","CC1","Flavobacteriales (100); Flavobacteriaceae (100); Dokdonia (98); ESV_2131","Dokdonia (98); ESV_2131",0.000289,2e-06
"C1a","CC2","Flavobacteriales (96); NS9_marine_group (92); NS9_marine_group_ge (92); ESV_238","NS9_marine_group_ge (92); ESV_238",0.016497,0.001717
"C1a","CC2","Alteromonadales (100); Psychromonadaceae (100); Psychromonas (100); ESV_559","Psychromonas (100); ESV_559",0.003485,0.000329
"C1a","CC2","Flavobacteriales (100); NS9_marine_group (100); NS9_marine_group_ge (100); ESV_432","NS9_marine_group_ge (100); ESV_432",0.003548,0.001081
"C1a","CC2","BD7-8 (96); BD7-8_fa (96); BD7-8_ge (96); ESV_885","BD7-8_ge (96); ESV_885",0.001068,0.000186
"C1a","CC2","Thiotrichales (100); Thiotrichaceae (100); uncultured (100); ESV_2448","uncultured (100); ESV_2448",0.001216,0.000279
"C1a","CC4","Flavobacteriales (100); NS9_marine_group (100); NS9_marine_group_ge (100); ESV_266","NS9_marine_group_ge (100); ESV_266",0.012783,0.001423
"C1a","CC4","Flavobacteriales (100); NS9_marine_group (100); NS9_marine_group_ge (100); ESV_133","NS9_marine_group_ge (100); ESV_133",0.012415,0.00166
"C1a","CC4","Rhodobacterales (100); Rhodobacteraceae (100); Planktomarina (85); ESV_30","Planktomarina (85); ESV_30",0.040271,0.019633
"C1a","CC4","Flavobacteriales (100); Flavobacteriaceae (100); NS2b_marine_group (100); ESV_148","NS2b_marine_group (100); ESV_148",0.007787,0.001343
"C1a","CC4","Cellvibrionales (100); Halieaceae (100); OM60(NOR5)_clade (99); ESV_15","OM60(NOR5)_clade (99); ESV_15",0.012748,0.005559
"C1a","CC5","Cellvibrionales (100); Halieaceae (100); OM60(NOR5)_clade (50); ESV_544","OM60(NOR5)_clade (50); ESV_544",0.010736,0.004272
"C1a","CC5","Cellvibrionales (100); Porticoccaceae (100); SAR92_clade (100); ESV_626","SAR92_clade (100); ESV_626",0.00732,0.003657
"C1a","CC5","Chitinophagales (100); Saprospiraceae (100); uncultured (100); ESV_1166","uncultured (100); ESV_1166",0.001951,0.000362
"C1a","CC5","Flavobacteriales (93); Flavobacteriaceae (93); Lutibacter (50); ESV_526","Lutibacter (50); ESV_526",0.003124,0.001516
"C1a","CC6","Verrucomicrobiales (100); Rubritaleaceae (100); Persicirhabdus (100); ESV_190","Persicirhabdus (100); ESV_190",0.037134,0.010497
"C1a","CC6","Flavobacteriales (100); Flavobacteriaceae (100); uncultured (100); ESV_34","uncultured (100); ESV_34",0.055243,0.025942
"C1a","CC6","Flavobacteriales (100); Flavobacteriaceae (100); Tenacibaculum (59); ESV_48","Tenacibaculum (59); ESV_48",0.032665,0.016042
"C1a","CC6","Flavobacteriales (100); Flavobacteriaceae (100); Ulvibacter (98); ESV_139","Ulvibacter (98); ESV_139",0.014305,0.006781
"C1b","CC1","Thiotrichales (2); Thiotrichaceae (2); uncultured (2); ESV_1880","uncultured (2); ESV_1880",0.000439,0
"C1b","CC1","Oligoflexales (0); Oligoflexaceae (0); uncultured (0); ESV_13955","uncultured (0); ESV_13955",0.000156,0
"C1b","CC1","Rickettsiales (10); Anaplasmataceae (4); Wolbachia (4); ESV_2884","Wolbachia (4); ESV_2884",0.001988,2e-04
"C1b","CC1","Caulobacterales (100); Hyphomonadaceae (100); Ponticaulis (98); ESV_12244","Ponticaulis (98); ESV_12244",0.000239,5e-06
"C1b","CC1","Lokiarchaeia_or (9); Lokiarchaeia_fa (9); Lokiarchaeia_ge (9); ESV_3575","Lokiarchaeia_ge (9); ESV_3575",0.000822,6.9e-05
"C1b","CC2","Pirellulales (100); Pirellulaceae (100); Blastopirellula (100); ESV_2431","Blastopirellula (100); ESV_2431",0.002557,0
"C1b","CC2","Nostocales (5); Phormidiaceae (4); Trichodesmium_IMS101 (4); ESV_3693","Trichodesmium_IMS101 (4); ESV_3693",0.002399,0
"C1b","CC2","Mycoplasmatales (8); Mycoplasmataceae (8); uncultured (5); ESV_889","uncultured (5); ESV_889",0.018286,0.000182
"C1b","CC2","Enterobacteriales (12); Enterobacteriaceae (12); endosymbionts2 (7); ESV_967","endosymbionts2 (7); ESV_967",0.000928,0
"C1b","CC2","SAR86_clade (100); SAR86_clade_fa (100); SAR86_clade_ge (100); ESV_1859","SAR86_clade_ge (100); ESV_1859",0.000499,0
"C1b","CC3","SAR11_clade (100); Clade_II (100); Clade_II_ge (100); ESV_98","Clade_II_ge (100); ESV_98",0.001815,0.000298
"C1b","CC3","SAR11_clade (100); Clade_IV (100); Clade_IV_ge (100); ESV_113","Clade_IV_ge (100); ESV_113",0.000948,0.000284
"C1b","CC4","Flavobacteriales (100); NS9_marine_group (94); NS9_marine_group_ge (94); ESV_302","NS9_marine_group_ge (94); ESV_302",0.019046,0.001402
"C1b","CC4","Rhodobacterales (100); Rhodobacteraceae (100); Ascidiaceihabitans (98); ESV_198","Ascidiaceihabitans (98); ESV_198",0.011204,0.003435
"C1b","CC4","Betaproteobacteriales (100); Methylophilaceae (100); OM43_clade (100); ESV_370","OM43_clade (100); ESV_370",0.005021,0.001076
"C1b","CC4","Flavobacteriales (53); Cryomorphaceae (44); uncultured (43); ESV_504","uncultured (43); ESV_504",0.003542,0.001053
"C1b","CC4","Flavobacteriales (100); NS9_marine_group (100); NS9_marine_group_ge (100); ESV_266","NS9_marine_group_ge (100); ESV_266",0.004104,0.001943
"C1b","CC6","Thiomicrospirales (100); Thioglobaceae (100); SUP05_cluster (100); ESV_10","SUP05_cluster (100); ESV_10",0.056449,0.016152
"C2a","CC1","Pseudomonadales (87); Moraxellaceae (87); Psychrobacter (83); ESV_364","Psychrobacter (83); ESV_364",0.017439,0.005962
"C2a","CC1","Cytophagales (93); Cyclobacteriaceae (58); uncultured (36); ESV_3179","uncultured (36); ESV_3179",0.000762,1.4e-05
"C2a","CC1","Puniceispirillales (100); SAR116_clade (100); SAR116_clade_ge (92); ESV_604","SAR116_clade_ge (92); ESV_604",0.002998,0.000233
"C2a","CC1","Flavobacteriales (100); Flavobacteriaceae (100); Algibacter (96); ESV_984","Algibacter (96); ESV_984",0.002019,0.000367
"C2a","CC1","Alteromonadales (100); Psychromonadaceae (100); Psychromonas (100); ESV_1193","Psychromonas (100); ESV_1193",0.00126,0.000209
"C2a","CC2","Spirochaetales (5); Spirochaetaceae (5); uncultured (5); ESV_1032","uncultured (5); ESV_1032",0.003447,0.000355
"C2a","CC2","Microtrichales (100); Ilumatobacteraceae (100); Ilumatobacter (100); ESV_221","Ilumatobacter (100); ESV_221",0.002399,0.000589
"C2a","CC2","Diplorickettsiales (5); Diplorickettsiaceae (5); uncultured (5); ESV_2764","uncultured (5); ESV_2764",0.002264,0.000857
"C2a","CC2","PeM15 (87); PeM15_fa (87); PeM15_ge (87); ESV_579","PeM15_ge (87); ESV_579",0.000149,2.9e-05
"C2a","CC2","Thiomicrospirales (15); Thioglobaceae (15); SUP05_cluster (11); ESV_12150","SUP05_cluster (11); ESV_12150",3.7e-05,1.6e-05
"C2a","CC3","Betaproteobacteriales (100); Methylophilaceae (100); OM43_clade (88); ESV_2652","OM43_clade (88); ESV_2652",0.00393,0
"C2a","CC3","Nostocales (100); Microcystaceae (100); Atelocyanobacterium_(UCYN-A) (99); ESV_2177","Atelocyanobacterium_(UCYN-A) (99); ESV_2177",0.00099,0
"C2a","CC3","Opitutales (100); Opitutaceae (94); Diplosphaera (66); ESV_1076","Diplosphaera (66); ESV_1076",0.000908,0
"C2a","CC3","JGI_0000069-P22 (18); JGI_0000069-P22_fa (18); JGI_0000069-P22_ge (18); ESV_1333","JGI_0000069-P22_ge (18); ESV_1333",0.002389,7e-06
"C2a","CC3","Rhodospirillales (100); Magnetospiraceae (100); uncultured (100); ESV_844","uncultured (100); ESV_844",0.004957,5.5e-05
"C2a","CC4","Flavobacteriales (100); Flavobacteriaceae (100); NS5_marine_group (100); ESV_29","NS5_marine_group (100); ESV_29",0.024566,0.002239
"C2a","CC4","SAR86_clade (100); SAR86_clade_fa (100); SAR86_clade_ge (100); ESV_8","SAR86_clade_ge (100); ESV_8",0.042048,0.020447
"C2a","CC4","Cellvibrionales (100); Halieaceae (100); OM60(NOR5)_clade (99); ESV_15","OM60(NOR5)_clade (99); ESV_15",0.015165,0.005472
"C2a","CC4","Rhodobacterales (100); Rhodobacteraceae (100); Ascidiaceihabitans (98); ESV_198","Ascidiaceihabitans (98); ESV_198",0.012057,0.004202
"C2a","CC4","Opitutales (100); Puniceicoccaceae (100); MB11C04_marine_group (100); ESV_652","MB11C04_marine_group (100); ESV_652",0.004963,0.000729
"C2a","CC5","Puniceispirillales (100); SAR116_clade (100); SAR116_clade_ge (100); ESV_94","SAR116_clade_ge (100); ESV_94",0.02519,0.004283
"C2a","CC5","Flavobacteriales (100); Flavobacteriaceae (100); NS4_marine_group (100); ESV_149","NS4_marine_group (100); ESV_149",0.010336,0.001413
"C2a","CC5","Flavobacteriales (98); Flavobacteriaceae (98); Lutimonas (36); ESV_347","Lutimonas (36); ESV_347",0.006855,0.002014
"C2a","CC5","Chitinophagales (100); Saprospiraceae (100); uncultured (100); ESV_280","uncultured (100); ESV_280",0.001995,0.000649
"C2a","CC6","SAR11_clade (100); Clade_I (100); Clade_Ia (100); ESV_1","Clade_Ia (100); ESV_1",0.185644,0.066797
"C2b1","CC1","Flavobacteriales (100); Flavobacteriaceae (100); Formosa (62); ESV_565","Formosa (62); ESV_565",0.010028,9.9e-05
"C2b1","CC1","Tenderiales (94); Tenderiaceae (94); Candidatus_Tenderia (94); ESV_2955","Candidatus_Tenderia (94); ESV_2955",0.001043,5.5e-05
"C2b1","CC1","Flavobacteriales (100); Flavobacteriaceae (100); Algibacter (96); ESV_984","Algibacter (96); ESV_984",0.002127,0.000359
"C2b1","CC1","Nitrosopumilales (100); Nitrosopumilaceae (100); Candidatus_Nitrosopumilus (100); ESV_36","Candidatus_Nitrosopumilus (100); ESV_36",0.000818,8.1e-05
"C2b1","CC1","Flavobacteriales (100); Cryomorphaceae (100); uncultured (100); ESV_615","uncultured (100); ESV_615",0.000639,5.1e-05
"C2b1","CC3","Rickettsiales (5); Anaplasmataceae (1); Wolbachia (1); ESV_1127","Wolbachia (1); ESV_1127",0.004897,0.000326
"C2b1","CC3","Betaproteobacteriales (100); Burkholderiaceae (100); RS62_marine_group (100); ESV_1499","RS62_marine_group (100); ESV_1499",0.002605,0.000373
"C2b1","CC3","Micrococcales (99); Microbacteriaceae (99); Candidatus_Aquiluna (73); ESV_115","Candidatus_Aquiluna (73); ESV_115",0.003491,0.001127
"C2b1","CC3","Flavobacteriales (100); Flavobacteriaceae (100); NS5_marine_group (95); ESV_1507","NS5_marine_group (95); ESV_1507",0.000925,0.000153
"C2b1","CC3","Betaproteobacteriales (100); Nitrosomonadaceae (100); IS-44 (100); ESV_2301","IS-44 (100); ESV_2301",0.000299,9.9e-05
"C2b1","CC4","Flavobacteriales (100); Flavobacteriaceae (100); NS5_marine_group (62); ESV_101","NS5_marine_group (62); ESV_101",0.054736,0.004642
"C2b1","CC4","Rhodobacterales (100); Rhodobacteraceae (100); Planktomarina (85); ESV_30","Planktomarina (85); ESV_30",0.061332,0.018382
"C2b1","CC4","Cellvibrionales (100); Halieaceae (100); OM60(NOR5)_clade (99); ESV_15","OM60(NOR5)_clade (99); ESV_15",0.024505,0.004809
"C2b1","CC4","Flavobacteriales (100); Flavobacteriaceae (100); NS3a_marine_group (98); ESV_387","NS3a_marine_group (98); ESV_387",0.007952,0.000511
"C2b1","CC4","Betaproteobacteriales (100); Burkholderiaceae (81); RS62_marine_group (51); ESV_288","RS62_marine_group (51); ESV_288",0.013195,0.001439
"C2b1","CC5","Flavobacteriales (98); Flavobacteriaceae (98); Lutimonas (36); ESV_347","Lutimonas (36); ESV_347",0.008345,0.001908
"C2b1","CC5","Flavobacteriales (100); Flavobacteriaceae (100); Polaribacter_1 (90); ESV_322","Polaribacter_1 (90); ESV_322",0.005136,0.00248
"C2b1","CC6","OM182_clade (99); OM182_clade_fa (99); OM182_clade_ge (99); ESV_72","OM182_clade_ge (99); ESV_72",0.069445,0.02084
"C2b1","CC6","Sphingobacteriales (100); NS11-12_marine_group (100); NS11-12_marine_group_ge (100); ESV_68","NS11-12_marine_group_ge (100); ESV_68",0.044363,0.019537
"C2b1","CC6","Flavobacteriales (100); Crocinitomicaceae (100); Fluviicola (88); ESV_201","Fluviicola (88); ESV_201",0.028014,0.008989
"C2b2","CC1","Flavobacteriales (100); NS9_marine_group (100); NS9_marine_group_ge (100); ESV_1752","NS9_marine_group_ge (100); ESV_1752",0.000446,0
"C2b2","CC1","Flavobacteriales (97); Cryomorphaceae (88); NS10_marine_group (88); ESV_8708","NS10_marine_group (88); ESV_8708",0.000385,4e-06
"C2b2","CC1","Rhodobacterales (100); Rhodobacteraceae (100); uncultured (37); ESV_1050","uncultured (37); ESV_1050",0.002005,0.00017
"C2b2","CC1","OM190_or (2); OM190_fa (2); OM190_ge (2); ESV_3157","OM190_ge (2); ESV_3157",0.000108,0
"C2b2","CC1","Sphingobacteriales (90); NS11-12_marine_group (84); NS11-12_marine_group_ge (84); ESV_1679","NS11-12_marine_group_ge (84); ESV_1679",0.000114,2e-06
"C2b2","CC2","Nitrosococcales (96); Methylophagaceae (96); uncultured (80); ESV_763","uncultured (80); ESV_763",0.005134,0.001267
"C2b2","CC2","Verrucomicrobiales (100); Rubritaleaceae (100); Rubritalea (99); ESV_758","Rubritalea (99); ESV_758",0.003203,0.000499
"C2b2","CC2","Alteromonadales (100); Colwelliaceae (100); Colwellia (100); ESV_479","Colwellia (100); ESV_479",0.001937,0.000462
"C2b2","CC2","Bacteroidales (23); Bacteroidetes_BD2-2 (13); Bacteroidetes_BD2-2_ge (13); ESV_3603","Bacteroidetes_BD2-2_ge (13); ESV_3603",0.000132,5.1e-05
"C2b2","CC3","Flavobacteriales (76); Cryomorphaceae (27); uncultured (21); ESV_1451","uncultured (21); ESV_1451",0.002317,9.6e-05
"C2b2","CC3","Kordiimonadales (100); uncultured (100); uncultured_ge (100); ESV_264","uncultured_ge (100); ESV_264",0.002995,0.000453
"C2b2","CC3","Chromatiales (65); Sedimenticolaceae (65); uncultured (65); ESV_208","uncultured (65); ESV_208",0.000776,0.000108
"C2b2","CC3","Cellvibrionales (100); Porticoccaceae (100); Porticoccus (100); ESV_377","Porticoccus (100); ESV_377",0.001332,0.000429
"C2b2","CC3","Microtrichales (100); Microtrichaceae (100); Sva0996_marine_group (100); ESV_343","Sva0996_marine_group (100); ESV_343",0.00062,9.4e-05
"C2b2","CC4","Betaproteobacteriales (100); Methylophilaceae (100); Methylotenera (99); ESV_568","Methylotenera (99); ESV_568",0.007586,0.000868
"C2b2","CC4","Flavobacteriales (100); Flavobacteriaceae (100); NS5_marine_group (62); ESV_101","NS5_marine_group (62); ESV_101",0.014349,0.006745
"C2b2","CC4","Rhodobacterales (100); Rhodobacteraceae (100); Ascidiaceihabitans (98); ESV_198","Ascidiaceihabitans (98); ESV_198",0.009651,0.003782
"C2b2","CC4","Flavobacteriales (100); Cryomorphaceae (100); NS10_marine_group (100); ESV_1155","NS10_marine_group (100); ESV_1155",0.004663,0.001762
"C2b2","CC4","Flavobacteriales (100); NS9_marine_group (100); NS9_marine_group_ge (100); ESV_133","NS9_marine_group_ge (100); ESV_133",0.004962,0.00202
"C2b2","CC5","Flavobacteriales (100); Flavobacteriaceae (100); uncultured (100); ESV_130","uncultured (100); ESV_130",0.02106,0.008987
"C2b2","CC5","Flavobacteriales (100); Flavobacteriaceae (100); Polaribacter_1 (90); ESV_322","Polaribacter_1 (90); ESV_322",0.005589,0.002097
"C2b2","CC5","Sphingobacteriales (100); NS11-12_marine_group (100); NS11-12_marine_group_ge (100); ESV_709","NS11-12_marine_group_ge (100); ESV_709",0.006033,0.002556
"C2b2","CC5","Flavobacteriales (100); Flavobacteriaceae (100); NS4_marine_group (100); ESV_622","NS4_marine_group (100); ESV_622",0.003776,0.001066
"C2b2","CC5","Flavobacteriales (100); Cryomorphaceae (100); uncultured (100); ESV_959","uncultured (100); ESV_959",0.002385,0.000813
